ID,Aminobenzoate degradation,Amino sugar and nucleotide sugar metabolism,Neuroactive ligand-receptor interaction,Purine metabolism,Porphyrin and chlorophyll metabolism,Isoquinoline alkaloid biosynthesis,Bile secretion,ABC transporters,Benzoate degradation,Tryptophan metabolism,Starch and sucrose metabolism,Pyrimidine metabolism,Dioxin degradation,Fatty acid metabolism,Chlorocyclohexane and chlorobenzene degradation,Glucosinolate biosynthesis,Tyrosine metabolism,Phenylalanine metabolism,Methane metabolism,Biosynthesis of unsaturated fatty acids,Metabolic pathways,Arginine and proline metabolism,Fatty acid biosynthesis,Toluene degradation,Lysine degradation,Nitrogen metabolism,"Valine, leucine and isoleucine degradation",Pentose and glucuronate interconversions,Indole alkaloid biosynthesis,Fructose and mannose metabolism,Glyoxylate and dicarboxylate metabolism,Phosphotransferase system (PTS),Serotonergic synapse,Fatty acid elongation,Aminoacyl-tRNA biosynthesis,Ubiquinone and other terpenoid-quinone biosynthesis,Inositol phosphate metabolism,Cysteine and methionine metabolism,Carbohydrate digestion and absorption,Glycerophospholipid metabolism,"Tropane, piperidine and pyridine alkaloid biosynthesis",Protein digestion and absorption,Biosynthesis of secondary metabolites,Galactose metabolism,Propanoate metabolism,"Cutin, suberine and wax biosynthesis","Glycine, serine and threonine metabolism",Biotin metabolism,Novobiocin biosynthesis,Nicotinate and nicotinamide metabolism,Sphingolipid metabolism,Cyanoamino acid metabolism,Atrazine degradation,Terpenoid backbone biosynthesis,Pyruvate metabolism,Primary bile acid biosynthesis,Two-component system,Butanoate metabolism,Phenylpropanoid biosynthesis,Pentose phosphate pathway,Ascorbate and aldarate metabolism,Selenocompound metabolism,Phosphonate and phosphinate metabolism,Glycolysis / Gluconeogenesis,Glutathione metabolism,Xylene degradation,Caffeine metabolism,Pantothenate and CoA biosynthesis,Lysine biosynthesis,Betalain biosynthesis,Phosphatidylinositol signaling system,Carbon fixation pathways in prokaryotes,Mineral absorption,Microbial metabolism in diverse environments,Steroid hormone biosynthesis,Chloroalkane and chloroalkene degradation,"Phenylalanine, tyrosine and tryptophan biosynthesis","Valine, leucine and isoleucine biosynthesis",Thiamine metabolism,beta-Alanine metabolism,Sulfur metabolism,"Alanine, aspartate and glutamate metabolism",Styrene degradation,Carbon fixation in photosynthetic organisms,Histidine metabolism,Linoleic acid metabolism,2-Oxocarboxylic acid metabolism,Glycerolipid metabolism,Peptidoglycan biosynthesis,C5-Branched dibasic acid metabolism,Dopaminergic synapse,Taurine and hypotaurine metabolism,Vitamin B6 metabolism,Citrate cycle (TCA cycle),Synaptic vesicle cycle,Sulfur relay system,Oxidative phosphorylation,Steroid biosynthesis,HIF-1 signaling pathway,Biosynthesis of alkaloids derived from shikimate pathway,Epithelial cell signaling in Helicobacter pylori infection,Insulin secretion,Gap junction,Proximal tubule bicarbonate reclamation,Puromycin biosynthesis,Vitamin digestion and absorption,"Biosynthesis of alkaloids derived from ornithine, lysine and nicotinic acid",GABAergic synapse,D-Glutamine and D-glutamate metabolism,Bacterial chemotaxis,Biosynthesis of alkaloids derived from histidine and purine,Glutamatergic synapse,Taste transduction,D-Arginine and D-ornithine metabolism,D-Alanine metabolism,Biosynthesis of phenylpropanoids,Circadian entrainment,Type II diabetes mellitus,Melanogenesis,Pathways in cancer,Biosynthesis of alkaloids derived from terpenoid and polyketide,Steroid degradation,Biosynthesis of terpenoids and steroids,Lysosome,Insulin signaling pathway,Clavulanic acid biosynthesis,Long-term potentiation,Degradation of aromatic compounds,Riboflavin metabolism,Fat digestion and absorption
G1,8904,7226.5,7116.8,6731.333333,6448,6324,6066.666667,5398.8,5016,4960,4641,4543,4408,4400,4345,4233.333333,4225.6,4068,3960,3918.857143,3765,3759.230769,3243.8,3030,2979.8,2771.142857,2763.4,2759.166667,2702.5,2676,2648.666667,2639.25,2604,2556,2530.052632,2520,2436,2434.714286,2376,2361.333333,2329,2282.857143,2266,2245.888889,2184,2178,2177.7,2170,2109,2079.75,2037.5,1995.25,1932,1932,1904,1903.5,1902.857143,1893.333333,1888.333333,1881,1880,1863,1845,1777.333333,1763.2,1702,1680,1674.4,1656,1632,1566,1557.428571,1496.4,1488,1485,1480,1479,1458.857143,1395.333333,1209,1143,1087.2,996,966,957,910,875,869,837,832,816,808.5,784,770,728,690,677.3333333,675,656.25,644,644,643.5,638,589.3333333,588,551,480,427.5,416,414,411,404,377,360,345,335,319,297,294,250,246,240,231,220,212,210,203,202,184,180
G3,8400,7905.5,6809.6,6762,5538.666667,6556.5,7175,5639.7,5049,4800,4794,4642,4437,4100,4542.5,4225,4453.6,4104,3580,3579.428571,3821,3890.769231,2851.8,2985,2923.4,2680.285714,2755.2,2447.5,2984.5,3480,2682.5,3093.5,2520,2232,2421.263158,2760,2058,2532.428571,2475,2346,2142,2195.571429,2309,2346.111111,2196,2079,2172.6,2268,2127.5,2244.25,1950,1863,2037,2226,2016,1950.5,2222.857143,1880,1980,1914,1983.4,1863,1890,1994.333333,1672,1961,1722,1769.6,1720.8,1692,1323,1899.142857,1533.133333,1489,2475,1380,1450,1465.428571,1412.666667,1234.833333,1107,1075.2,1044,1058,825,806,922,649,1917,800,846,792,896,950,664,690,906.6666667,1125,735,696,679,780,594,521.3333333,624,798,521,398.25,368,438,463,356,247,375,366,383,209,360,312,390,310,400,285,272,268,240,133,199,207,300
G4,8232,7687.25,6937.6,6624,5621.333333,6045,5600,5425.2,4686,4480,4653.75,4587,4118,4125,4977,4100,4256,4068,3460,3780,3684,3586.153846,3116.4,3060,2923.4,2680.285714,2656.8,2438.333333,2420.5,3144,2556.833333,2788.75,2352,2376,2373.842105,2560,2520,2369.571429,2313,2284.666667,2142,2144.095238,2207,2282.333333,2298,2124,2060.4,2156,2016.5,2115,1962.5,1937.75,1932,1848,1872,2021,2131.428571,1806.666667,1888.333333,1663.2,2039.8,1728,1620,1694.666667,1649.2,1628,1701,1730.4,1728,1560,1620,1636.285714,1482.866667,1444,1782,1660,1421,1389.857143,1386.666667,1250.333333,1107,1065.6,1008,981.3333333,803,884,852,616,1701,640,780,682,752,810,652,640,901.3333333,810,626.25,637,644,591.5,522.5,498.6666667,576,646,466,411.75,352,442,420,340,169,320,324,342,143,273,288,290,261,288,243,276,188,140,91,204,230,216
G5,8232,8439,6656,6823.333333,5497.333333,6370.5,6970.833333,5695.8,4917,4480,4998,4686,4321,3800,4977,4158.333333,4362.4,4152,3820,3679.714286,3755,3544.615385,2900.8,2955,2791.8,2581.857143,2656.8,2557.5,3031.5,3660,2605.166667,3248.75,2352,2160,2385,2920,1890,2402.142857,2592,2300,2108,2153.047619,2250,2432.666667,2250,2106,2177.7,2128,2146,2126.75,1950,1903.25,1953,2142,2000,2068,2108.571429,1833.333333,2126.666667,1966.8,2021,1782,1665,2046,1649.2,1887,1722,1741.6,1634.4,1644,1215,1754.571429,1502.2,1441,2277,1340,1488.666667,1412.857143,1473.333333,1296.833333,1125,1046.4,984,989,770,754,870,748,1404,704,822,726,848,856.6666667,644,660,805.3333333,1035,750,659,651,806,528,481.6666667,648,798,481,396,340,430,439,332,169,375,351,357,143,372,324,310,280,368,257,288,292,220,91,197,322,276
G6,8148,8075.25,6860.8,6731.333333,6117.333333,6417,6591.666667,5745.3,4950,4640,4896,4510,4350,3750,5056,4516.666667,4377.6,4128,3840,3787.714286,3793,3766.153846,3057.6,2910,2914,2634.857143,2952,2566.666667,2890.5,3360,2682.5,2961.25,2436,2124,2563.526316,2600,2394,2418.428571,2421,2070,2618,2291.809524,2316,2327.888889,2304,2196,2177.7,2100,2090.5,2021,1925,2029.75,1869,2226,2032,2021,2160,1853.333333,2218.333333,1874.4,2105.6,1836,1170,1984,1808.8,1961,1743,1724.8,1620,1656,1539,1715.142857,1635.6,1450,1683,1560,1498.333333,1554.142857,1490.666667,1271,1134,1065.6,972,966,770,858,919,748,1944,789.3333333,828,781,880,843.3333333,704,680,901.3333333,765,727.5,664,623,767,588.5,532.6666667,600,608,518,414,376,414,442,368,247,435,363,358,209,354,300,240,270,272,253,268,260,310,133,194,322,204
G7,7644,8148,7065.6,6670,5910.666667,6091.5,6445.833333,5583.6,4191,3920,4768.5,4532,3683,4375,5016.5,3950,4149.6,3912,3600,3918.857143,3729,3530.769231,3459.4,2955,2923.4,2536.428571,2566.6,2630.833333,2279.5,3636,2842,2852,2058,2592,2276.210526,2720,2184,2271.857143,2268,2100.666667,2533,2083.666667,2271,2227.666667,2262,2232,2116.5,2086,1683.5,1985.75,1937.5,1943.5,1869,1512,1760,2021,2085.714286,1973.333333,1943.333333,1782,2199.6,1431,1305,1632.666667,1710,1332,1764,1579.2,1814.4,1572,1404,1984.571429,1395.866667,1467,2277,1300,1372.666667,1324.142857,1256.666667,1234.833333,1170,1080,1032,789.6666667,1111,884,890,847,1647,885.3333333,786,748,912,980,696,530,890.6666667,1035,671.25,669,623,546,610.5,668.6666667,552,855,550,477,472,452,462,388,338,335,267,390,286,252,276,350,317,368,294,276,192,170,182,197,115,276
G9,8316,7905.5,6374.4,6240.666667,5290.666667,6324,5658.333333,5484.6,4785,4400,4781.25,4598,4205,4025,4740,4366.666667,4286.4,4080,3540,3895.714286,3717,3606.923077,3273.2,2985,2867,2460.714286,2861.8,2475,2679,3372,2735.666667,2869.25,2310,2412,2371.052632,2760,1806,2280,2277,2162,2346,2141.857143,2257,2204.888889,2202,2223,2019.6,2156,2016.5,1997.5,1912.5,1868.75,1932,1932,1632,1880,2142.857143,1826.666667,2053.333333,1775.4,1898.8,1701,1530,1663.666667,1626.4,1702,1617,1674.4,1591.2,1632,1161,1945.142857,1525.4,1406,1881,1460,1450,1468.714286,1369.333333,1203.833333,1107,1012.8,816,851,660,936,917,759,1998,682.6666667,816,698.5,784,960,644,630,928,855,615,694,644,682.5,550,504.3333333,612,703,515,398.25,356,400,465,344,195,360,327,387,165,315,306,310,307,304,288,264,236,240,105,199,322,228
G10,8400,7566,6656,6210,5580,6742.5,5570.833333,5362.5,4950,4800,4628.25,4455,4350,3900,4779.5,4191.666667,4362.4,4080,3560,3780,3696,3551.538462,3263.4,2880,2688.4,2498.571429,2599.4,2539.166667,2514.5,3444,2735.666667,2834.75,2520,2412,2312.473684,2920,2184,2377.714286,2151,2008.666667,1819,2092.619048,2255,2214,2226,2160,2060.4,1862,2146,2009.25,1762.5,1788.25,1848,2100,1968,1833,2017.142857,1820,1980,1749,2058.6,1728,1440,1756.666667,1436.4,1850,1659,1668.8,1519.2,1740,1404,1938.571429,1467.4,1420,1881,1480,1527.333333,1389.857143,1421.333333,1167.666667,1071,1044,936,935.3333333,759,858,894,759,1944,778.6666667,870,753.5,848,946.6666667,676,640,874.6666667,855,648.75,698,616,630.5,605,498.6666667,660,703,488,393.75,352,416,459,340,260,345,342,387,220,291,330,240,303,304,284,248,188,230,140,192,322,228
G11,7980,8390.5,7475.2,6547.333333,7233.333333,6463.5,5716.666667,5910.3,4686,5040,4845,4752,4118,3875,5056,4533.333333,4362.4,4176,3800,3440.571429,3943,4216.153846,2695,2940,3017.4,2839.285714,2829,3070.833333,2749.5,3444,2958,2944,2646,1908,2703,3160,1890,2573.142857,2403,2208,2482,2414.904762,2411,2296,2298,1971,2376.6,2212,2331,2056.25,1925,2093,2079,1974,1936,2021,2085.714286,2086.666667,2035,1782,2171.4,1971,1530,1808.333333,1763.2,1739,1743,1730.4,1807.2,1668,1215,1918.857143,1618.2,1499,2079,1560,1624,1504.857143,1464.666667,1193.5,1152,1190.4,984,1027.333333,1221,702,982,880,1512,1130.666667,834,984.5,992,943.3333333,764,730,837.3333333,945,712.5,698,693,656.5,693,742.3333333,684,817,572,504,524,442,464,464,572,425,360,394,484,303,342,290,304,336,283,284,216,300,308,196,460,252
G13,7896,8342,7142.4,6394,6282.666667,5580,5716.666667,5732.1,4851,4800,4781.25,4631,4263,3625,5411.5,4033.333333,4240.8,4068,4040,3209.142857,3811,3870,2646,3000,2895.2,2725.714286,2550.2,3125.833333,2632,3696,3103,3053.25,2520,1548,2421.263158,2240,1932,2556.857143,2376,2254,2193,2204.52381,2297,2373.444444,2262,1899,2284.8,1946,1868.5,2197.25,1937.5,1880.25,1743,2226,1760,1598,2182.857143,2113.333333,1760,1815,2312.4,1782,1800,1674,1717.6,1961,1764,1764,1800,1440,1242,2162,1531.2,1494,495,1800,1411.333333,1396.428571,1343.333333,1276.166667,1152,1173.6,816,1027.333333,1166,234,923,902,1944,1098.666667,720,929.5,1200,1053.333333,688,660,949.3333333,225,690,702,581,682.5,599.5,680,468,418,560,483.75,480,442,490,392,364,360,357,423,308,315,234,160,321,80,316,284,208,210,196,200,368,60
G14,8400,7857,6604.8,6685.333333,5745.333333,6510,5687.5,5497.8,5049,4800,4781.25,4697,4437,3725,5095.5,4283.333333,4499.2,4272,3960,3695.142857,3767,3717.692308,3077.2,3045,2791.8,2627.285714,2665,2924.166667,2702.5,3276,2682.5,2909.5,2520,2304,2443.578947,2800,1764,2426.571429,2286,2376.666667,2142,2186.619048,2255,2150.222222,2232,2124,2213.4,2198,2127.5,2091.5,1987.5,1897.5,2058,2226,2032,2162,2068.571429,1886.666667,1906.666667,1821.6,2011.6,1809,1755,1880.666667,1596,1961,1680,1691.2,1591.2,1680,1134,1675.714286,1521.533333,1438,2376,1700,1546.666667,1426,1516.666667,1136.666667,1143,1065.6,1020,958.3333333,726,832,866,814,1539,757.3333333,840,759,896,826.6666667,676,670,853.3333333,1080,693.75,664,686,702,555.5,515.6666667,648,760,471,411.75,364,412,429,352,195,385,360,354,165,324,324,350,272,384,248,264,220,250,105,203,437,288
G16,8652,6790,6656,6455.333333,5538.666667,6138,4345.833333,5560.5,5214,4640,4309.5,4785,4582,3775,4819,4291.666667,4256,4116,3760,3494.571429,3823,4036.153846,2891,2940,2848.2,2642.428571,2738.8,2970,1809.5,3468,2788.833333,2863.5,2436,2160,2457.526316,2360,2226,2516.142857,2097,2269.333333,2261,2213.47619,2275,2122.888889,2226,2016,2295,2156,2146,2138.5,1875,1886,2100,2310,2048,1974,1862.857143,1846.666667,1833.333333,1603.8,2115,1890,1845,1519,1596,2035,1743,1769.6,1605.6,1584,1431,1899.142857,1484.8,1467,2079,1620,1450,1462.142857,1438.666667,1214.166667,1107,1068,960,1035,792,572,912,737,1809,789.3333333,792,792,944,943.3333333,648,700,853.3333333,945,566.25,691,700,481,544.5,515.6666667,576,608,520,398.25,364,424,466,348,195,395,375,385,165,222,288,280,304,336,283,244,76,290,105,196,621,252
G17,7644,7493.25,7040,6562.666667,5910.666667,6510,6475,5735.4,4620,4640,4781.25,4730,4060,4075,5451,4275,4529.6,4224,3860,3533.142857,3878,4174.615385,2920.4,3000,2942.2,2763.571429,2599.4,2887.5,2491,3264,3006.333333,2783,2436,2196,2571.894737,3080,1638,2622,2295,1978,2108,2318.666667,2390,2104.666667,2244,2061,2448,2100,2164.5,2150.25,1950,2047,1974,2058,1888,2209,2182.857143,1960,2200,1821.6,2218.4,1755,900,1715.333333,1687.2,1813,1722,1741.6,1843.2,1680,1053,2168.571429,1569.866667,1502,2673,1680,1556.333333,1409.571429,1464.666667,1333,1161,1171.2,996,1019.666667,1089,806,946,682,1674,896,840,819.5,1136,1070,668,650,912,1215,705,728,658,630.5,550,617.6666667,636,969,563,459,436,456,507,348,169,430,342,429,143,291,318,410,348,432,321,168,192,340,91,200,345,324
G19,8148,7832.75,7884.8,6578,7398.666667,6556.5,6475,5850.9,4686,4240,4768.5,4741,4118,4025,4898,4166.666667,4332,3984,3680,3587.142857,3892,4056.923077,2842,2940,3055,2930.142857,2681.4,2905.833333,2467.5,3360,2962.833333,2880.75,2226,2376,2627.684211,2840,1638,2467.285714,2376,2192.666667,2346,2338.809524,2404,2186.666667,2196,2088,2162.4,2268,2183,2091.5,1925,1926.25,2058,1890,1904,2303,2097.142857,2120,1815,1755.6,2115,1917,1575,1767,1854.4,1665,1764,1708,1843.2,1692,1053,1964.857143,1567.933333,1518,3069,1560,1392,1435.857143,1386.666667,1245.166667,1152,1185.6,1044,996.6666667,1408,780,944,682,1836,1205.333333,846,1012,1056,966.6666667,828,710,890.6666667,1395,720,693,686,630.5,770,793.3333333,576,1026,570,508.5,560,440,478,476,611,405,348,386,517,291,288,440,321,496,290,224,208,320,329,196,230,372
G20,7980,7590.25,7526.4,6823.333333,6861.333333,6603,6300,5821.2,4488,4880,4730.25,4818,3944,3825,4977,4291.666667,4316.8,4092,3580,3533.142857,3886,4022.307692,2910.6,2940,2951.6,2831.714286,2640.4,3052.5,2491,3420,2885.5,2794.5,2562,2124,2630.473684,3040,2310,2467.285714,2331,2254,2159,2341.047619,2355,2182.111111,2178,2070,2228.7,2310,2294,2032.75,1962.5,2001,2121,1722,1824,2115,2108.571429,2066.666667,1998.333333,1663.2,2284.2,1863,1710,1643,1801.2,1517,1785,1691.2,1908,1704,1485,1840,1571.8,1513,2376,1720,1595,1389.857143,1412.666667,1229.666667,1152,1192.8,1008,981.3333333,1375,676,942,649,1944,1130.666667,852,962.5,1056,910,768,690,922.6666667,1080,690,689,707,559,693,770.6666667,672,836,537,508.5,544,452,465,444,520,395,330,382,440,258,336,350,297,384,273,212,180,270,280,196,506,288
G21,7896,8148,6348.8,6547.333333,5125.333333,6184.5,6241.666667,5438.4,4488,4400,4845,4697,3944,4000,5174.5,4166.666667,4225.6,3996,3360,3641.142857,3859,3641.538462,3116.4,2955,2989.2,2528.857143,2665,3144.166667,2561.5,3336,2871,2823.25,2310,2304,2415.684211,3120,2352,2345.142857,2430,2223.333333,2193,2168.714286,2355,2241.333333,2256,2070,2147.1,2100,2220,2009.25,1875,1880.25,1953,1764,1856,1856.5,2131.428571,1886.666667,1741.666667,1762.2,2425.2,1755,1710,1756.666667,1383.2,1554,1743,1685.6,1908,1596,1512,2142.285714,1508,1488,1881,1660,1440.333333,1399.714286,1326,1193.5,1107,1120.8,1020,935.3333333,1001,884,924,660,1566,821.3333333,798,781,1152,1063.333333,588,650,858.6666667,855,750,712,651,624,478.5,606.3333333,612,874,543,447.75,428,450,504,308,65,375,321,417,55,288,306,300,338,304,319,268,216,290,35,197,529,228
G27,7560,7541.75,7142.4,6685.333333,6117.333333,6417,6533.333333,5583.6,4323,4160,4628.25,4664,3799,4100,4937.5,4108.333333,4301.6,3960,3100,3756.857143,3853,3863.076923,3253.6,2910,2923.4,2634.857143,2615.8,2823.333333,2162,3444,2817.833333,2737,2184,2448,2438,2920,2394,2312.571429,2205,2269.333333,2261,2193.333333,2322,2273.222222,2256,2115,1963.5,2128,2072,1962.25,1875,1799.75,1974,1722,1840,1903.5,2068.571429,2100,1906.666667,1603.8,2321.8,1782,1755,1601.666667,1732.8,1517,1827,1635.2,1843.2,1656,1539,2024,1467.4,1465,2475,1400,1421,1360.285714,1265.333333,1203.833333,1062,1173.6,1032,904.6666667,1342,1170,934,660,1971,1152,828,957,1120,1010,732,660,944,1125,690,698,658,526.5,698.5,776.3333333,588,931,566,515.25,548,438,495,432,494,405,321,401,418,243,294,370,328,400,303,248,160,280,266,194,69,300
G28,7392,7202.25,7219.2,6470.666667,6324,6603,5716.666667,5646.3,4455,4640,4539,4730,3915,3750,5214,4333.333333,4453.6,4104,3460,3394.285714,3905,4063.846154,2753.8,2880,3036.2,2786.285714,2665,3116.666667,2068,3336,2885.5,2679.5,2436,1872,2594.210526,3080,2310,2565,2133,2637.333333,2244,2332.095238,2374,2063.666667,2250,1989,2223.6,2058,2386.5,2173.75,1925,1955,1911,1974,1936,1997.5,2051.428571,2093.333333,2016.666667,1564.2,2237.2,1755,2655,1560.333333,1664.4,1739,1680,1730.4,1828.8,1704,1485,2070,1529.266667,1489,2376,1520,1556.333333,1419.428571,1430,1265.833333,1143,1185.6,1020,989,1265,468,956,627,1971,1066.666667,852,907.5,1088,1016.666667,712,650,944,1080,645,707,637,500.5,643.5,691.3333333,684,836,569,483.75,488,456,494,404,416,415,336,409,352,231,342,350,329,384,305,216,120,350,224,192,644,288
G29,7308,7178,7603.2,6455.333333,6489.333333,7021.5,7058.333333,5676,4224,4720,4564.5,4532,3712,3875,5174.5,4283.333333,4468.8,3984,3180,3664.285714,3861,4022.307692,3145.8,2835,3111.4,2703,2656.8,3245,2185.5,3096,2827.5,2587.5,2478,2196,2549.578947,3080,2436,2442.857143,2232,2576,2448,2282.857143,2351,2086.444444,2148,2205,2075.7,2170,2331,2044.5,1937.5,1851.5,1953,1722,1680,1880,2057.142857,2280,2181.666667,1557.6,2491,1917,2340,1436.333333,1877.2,1517,1806,1680,2066.4,1812,1566,1925.428571,1498.333333,1464,1980,1520,1556.333333,1380,1360.666667,1250.333333,1089,1236,888,981.3333333,1661,650,959,605,1971,1418.666667,906,1122,1456,970,788,710,933.3333333,900,708.75,703,651,487.5,753.5,906.6666667,672,779,574,567,640,448,486,440,546,405,336,396,462,225,336,300,311,320,291,212,136,270,294,189,552,240
G30,7896,7687.25,7552,6118,6365.333333,6975,6154.166667,5656.2,4488,4720,4781.25,4829,3944,4000,5095.5,4425,4484,4092,3600,3803.142857,3869,3814.615385,3155.6,2955,2838.8,2703,2837.2,2823.333333,2632,3048,2953.166667,2679.5,2478,2412,2569.105263,2880,2688,2385.857143,2358,2315.333333,2516,2300.761905,2380,2241.333333,2412,2250,2167.5,2016,2109,2068,1950,2110.25,1806,1764,1856,2068,2160,2013.333333,2108.333333,1768.8,2246.6,1836,1575,1746.333333,1717.6,1554,1617,1691.2,1828.8,1800,1728,2227.714286,1569.866667,1517,2178,1540,1556.333333,1462.142857,1404,1384.666667,1116,1149.6,1032,958.3333333,1166,832,963,836,1755,981.3333333,900,880,976,1016.666667,772,680,896,990,705,725,602,617.5,698.5,691.3333333,648,760,570,479.25,488,442,479,412,403,355,330,412,341,285,324,340,327,352,305,208,212,280,217,197,667,264
G36,8064,7420.5,6963.2,6639.333333,5456,6696,6445.833333,5484.6,4554,4640,4628.25,4851,4002,3800,4819,4250,4195.2,3900,3560,3618,3870,3842.307692,3145.8,2790,2923.4,2650,2714.2,3135,2303,3012,2846.833333,2518.5,2436,2340,2513.315789,3040,2310,2483.571429,2160,2468.666667,2091,2269.428571,2356,2040.888889,2250,2142,2182.8,2114,2331,2068,1937.5,1960.75,1932,1764,1856,2185.5,1948.571429,1866.666667,1943.333333,1669.8,2171.4,1863,2250,1612,1618.8,1554,1680,1741.6,1893.6,1728,1485,1997.714286,1482.866667,1495,2871,1640,1498.333333,1396.428571,1404,1322.666667,1107,1111.2,960,996.6666667,1166,468,941,594,1458,864,864,825,1040,966.6666667,672,690,768,1305,671.25,701,644,533,572,623.3333333,672,931,529,436.5,440,454,481,348,208,405,333,389,176,246,336,350,319,464,290,228,160,300,112,186,851,348
G46,7896,7517.5,7577.6,6578,6654.666667,6556.5,5600,5553.9,4422,4640,4526.25,4609,3886,3925,5135,4200,4286.4,3972,3520,3741.428571,3901,4153.846154,3194.8,2925,2914,2824.142857,2673.2,2887.5,2068,3468,2842,2719.75,2436,2304,2535.631579,2920,2310,2434.714286,2124,2499.333333,2125,2273.904762,2316,2195.777778,2220,2151,2320.5,2156,2109,2091.5,1987.5,1960.75,2037,1680,1824,2068,2005.714286,2026.666667,1925,1597.2,2039.8,1809,2160,1488,1793.6,1480,1680,1685.6,1785.6,1692,1485,1780.857143,1480.933333,1494,2475,1660,1488.666667,1386.571429,1352,1224.5,1152,1161.6,1008,958.3333333,1276,858,919,715,1863,992,846,880,816,886.6666667,772,670,906.6666667,1125,581.25,670,679,455,715,702.6666667,636,855,527,483.75,496,454,451,452,546,380,321,367,462,210,318,350,291,400,266,280,120,270,294,195,598,300
G49,8484,6911.25,7142.4,6869.333333,5786.666667,6603,5920.833333,5355.9,4818,4800,4220.25,4565,4234,4000,4582,4183.333333,4316.8,4128,3620,3918.857143,3813,3870,3224.2,2970,2848.2,2680.285714,2648.6,2640,2091.5,2784,2846.833333,2363.25,2520,2340,2443.578947,3000,2394,2377.714286,1845,2376.666667,2176,2222.428571,2303,2132,2292,2241,2187.9,2212,2146,2091.5,1937.5,1914.75,2016,1890,1888,2044.5,1994.285714,1866.666667,2200,1689.6,2058.6,1809,1845,1519,1717.6,1665,1722,1747.2,1728,1704,1539,1938.571429,1448.066667,1518,2277,1580,1556.333333,1386.571429,1421.333333,1281.333333,1107,1060.8,1008,966,957,1014,918,869,1782,800,852,781,848,970,692,670,869.3333333,1035,581.25,708,672,481,599.5,578,660,817,528,423,408,406,474,376,286,365,336,397,242,222,330,340,314,368,291,204,116,260,154,198,299,276
G51,8232,7929.75,6681.6,6961.333333,5538.666667,6463.5,6562.5,5563.8,4785,4960,4768.5,4741,4205,3825,5016.5,4441.666667,4316.8,4140,3820,3571.714286,3805,3710.769231,2959.6,2940,2951.6,2574.285714,2804.4,2502.5,2843.5,3552,2803.333333,3024.5,2604,2268,2527.263158,2760,2184,2467.285714,2430,2254,2584,2271.666667,2347,2241.333333,2340,2070,2223.6,2184,2257,2115,1962.5,2018.25,1932,1974,1936,2068,1965.714286,1766.666667,2126.666667,1795.2,1983.4,1917,1710,1860,1482,1739,1743,1747.2,1670.4,1668,1404,1958.285714,1540.866667,1506,2178,1580,1585.333333,1475.285714,1447.333333,1281.333333,1125,1036.8,1008,1004.333333,715,546,934,605,864,608,834,704,784,953.3333333,636,710,693.3333333,990,682.5,705,644,689,511.5,470.3333333,648,703,529,384.75,332,424,472,324,104,350,354,396,88,318,324,320,308,352,286,268,236,190,56,196,368,264
G53,8232,7832.75,6374.4,6869.333333,5125.333333,6091.5,5833.333333,5329.5,4488,4640,4653.75,4763,3944,3975,4463.5,4141.666667,3982.4,3900,3300,3849.428571,3745,3433.846154,3116.4,2865,2801.2,2491,2648.6,2594.166667,2538,3324,2629.333333,2834.75,2436,2340,2320.842105,2840,2478,2206.714286,2349,2223.333333,2125,2092.619048,2220,2296,2268,2142,2004.3,2254,2016.5,1950.5,1925,1874.5,2079,1596,1792,1950.5,2091.428571,1660,1980,1702.8,1936.4,1728,1440,1674,1482,1406,1764,1674.4,1670.4,1572,1593,1833.428571,1475.133333,1467,2178,1500,1488.666667,1366.857143,1308.666667,1229.666667,1071,996,972,889.3333333,671,962,880,737,1890,522.6666667,786,621.5,656,893.3333333,592,640,869.3333333,990,618.75,670,693,572,478.5,476,624,779,479,382.5,336,424,444,324,104,320,306,370,88,264,312,290,290,352,268,288,200,170,56,191,230,264
G55,7056,7832.75,6860.8,6133.333333,6034.666667,6417,5745.833333,5738.7,4752,4400,4857.75,4664,4176,3275,5688,4383.333333,4924.8,4392,3960,3078,3747,3960,2361.8,3150,2782.4,2672.714286,2870,2612.5,2796.5,3432,2842,3179.75,2310,1440,2482.631579,3000,1512,2451,2421,2392,2516,2244.809524,2308,2346.111111,2418,1926,2223.6,2114,2072,2173.75,1862.5,1989.5,1932,2520,2128,2068,2182.857143,2106.666667,2035,1834.8,2021,1836,1890,2035.666667,1725.2,2220,1701,1775.2,1605.6,1656,972,1991.142857,1566,1414,2277,1680,1459.666667,1550.857143,1508,1229.666667,1116,1152,1068,1004.333333,726,52,904,869,1404,896,828,836,1040,973.3333333,692,680,949.3333333,1035,757.5,685,644,806,594,538.3333333,588,931,543,461.25,380,412,468,360,247,405,384,394,209,372,294,390,315,368,292,232,256,270,133,210,161,276
G56,8232,7008.25,8115.2,6210,7440,5998.5,6562.5,5352.6,4521,4800,4424.25,4169,3973,4175,5806.5,4200,4620.8,4392,3520,4119.428571,3816,4029.230769,3694.6,3510,2961,2513.714286,2665,2539.166667,2373.5,2220,2711.5,2139,2520,2664,2471.473684,2640,2436,2467.285714,2169,2913.333333,2278,2209,2363,1981.666667,2292,2340,2259.3,2310,2201.5,2514.5,1975,1926.25,2184,1638,1712,2021,1988.571429,2420,1906.666667,1636.8,2256,1890,1530,1529.333333,1922.8,1443,1722,1792,1951.2,1548,1566,1938.571429,1390.066667,1540,2178,1920,1479,1399.714286,1326,1296.833333,1107,1185.6,1248,1081,1650,1092,936,1221,1485,1280,774,1045,1056,973.3333333,788,700,1018.666667,990,656.25,694,728,520,731.5,561,600,722,594,447.75,396,458,476,288,702,410,327,395,594,240,300,580,314,352,292,228,164,290,378,234,184,264
G57,7812,7857,7142.4,6210,6200,6231,6037.5,5494.5,4191,4160,4896,4697,3683,4150,5214,4075,4149.6,3840,3080,3749.142857,3828,3745.384615,3077.2,2970,2923.4,2627.285714,2624,3025,2491,3132,2851.666667,2685.25,2184,2520,2412.894737,2680,2772,2239.285714,2367,2392,2176,2175.428571,2340,2218.555556,2358,2205,2050.2,2030,2072,1950.5,1887.5,1799.75,1890,1428,1728,1927,2125.714286,2040,1686.666667,1663.2,2246.6,1512,2070,1674,1580.8,1258,1722,1640.8,1814.4,1608,1782,2096.285714,1479,1473,2376,1460,1353.333333,1360.285714,1187.333333,1240,1089,1132.8,1008,797.3333333,1265,910,908,649,1593,992,804,819.5,976,1010,716,560,874.6666667,1080,708.75,696,630,572,665.5,742.3333333,540,874,543,508.5,524,444,489,416,416,330,270,398,352,264,270,340,327,384,303,228,216,250,224,198,690,288
G58,7980,7590.25,7603.2,6240.666667,6613.333333,6463.5,6475,5639.7,4323,4720,4832.25,4818,3799,4100,5095.5,4125,4256,3960,3240,3895.714286,3871,3814.615385,3302.6,3000,2848.2,2710.571429,2607.6,3272.5,2538,3204,2793.666667,2702.5,2478,2628,2471.473684,2960,2940,2288.142857,2358,2407.333333,2040,2224.666667,2326,2236.777778,2412,2331,2045.1,1946,2183,1950.5,1837.5,1857.25,1764,1512,1760,2068,2137.142857,2153.333333,1888.333333,1669.8,2434.6,1701,2115,1643,1786,1332,1659,1674.4,1900.8,1668,1890,1978,1488.666667,1480,2574,1500,1479,1337.285714,1291.333333,1358.833333,1098,1188,1020,874,1485,962,909,726,1836,1216,834,973.5,1104,903.3333333,780,630,922.6666667,1170,720,678,588,552.5,731.5,850,612,931,526,549,600,444,450,468,585,375,297,373,495,255,306,370,297,416,271,192,196,250,315,200,943,312
N2,7980,7832.75,7219.2,6424.666667,6076,6742.5,6008.333333,5415.3,4356,4720,4730.25,4598,3828,3750,5174.5,4183.333333,4468.8,4068,3440,3872.571429,3775,3551.538462,3273.2,3105,2726,2581.857143,2697.8,2585,2702.5,3120,2904.833333,2725.5,2478,2448,2410.105263,2680,1890,2312.571429,2241,2330.666667,2159,2188.857143,2270,2159.333333,2370,2187,2126.7,2086,2090.5,1868.25,1962.5,1811.25,1827,1554,1776,1809.5,2182.857143,1953.333333,1906.666667,1722.6,1786,1890,1755,1725.666667,1717.6,1369,1638,1624,1656,1740,1215,1938.571429,1475.133333,1483,1584,1580,1488.666667,1376.714286,1326,1224.5,1170,1087.2,984,866.3333333,990,910,906,748,1755,778.6666667,870,786.5,640,966.6666667,736,700,944,720,637.5,698,609,604.5,676.5,612,660,532,524,477,432,414,473,420,429,340,321,389,363,279,330,240,306,256,290,264,224,180,231,207,460,192
N3,8148,7905.5,7142.4,6670,6076,6696,6154.166667,5603.4,4818,5120,4730.25,4532,4234,4000,4937.5,4500,4362.4,4080,3460,3556.285714,3826,3731.538462,2910.6,2865,2914,2854.428571,2870,2795.833333,2726,3168,2861.333333,2857.75,2688,2160,2566.315789,2840,1680,2508,2322,2422.666667,2227,2316.428571,2315,2250.444444,2256,2034,2050.2,2114,2164.5,1938.75,1962.5,2024,1932,2058,1952,1927,2062.857143,1793.333333,2053.333333,1597.2,1889.4,1890,1935,1798,1732.8,1813,1680,1758.4,1634.4,1728,1080,1899.142857,1569.866667,1458,1881,1900,1585.333333,1495,1447.333333,1240,1089,1104,960,1012,957,546,955,638,1647,842.6666667,864,819.5,816,933.3333333,720,700,826.6666667,855,660,701,644,656.5,643.5,578,660,665,525,425.25,408,428,469,400,364,365,357,389,308,303,330,260,299,304,280,268,208,220,196,191,552,228
N5,8736,7590.25,6553.6,6624,5373.333333,6324,5833.333333,5464.8,4653,4720,4551.75,4642,4089,4425,4700.5,4258.333333,4058.4,3948,3200,3872.571429,3771,3503.076923,3165.4,2970,2942.2,2559.142857,2730.6,2300.833333,2538,3468,2643.833333,2898,2478,2448,2435.210526,2960,1470,2337,2313,2361.333333,2091,2193.333333,2245,2209.444444,2268,2178,2050.2,2072,2146,1974,1912.5,1909,1806,1554,1760,1974,2080,1700,1796.666667,1643.4,1654.4,1809,1935,1643,1535.2,1369,1722,1668.8,1677.6,1632,945,1826.857143,1513.8,1456,2277,1660,1479,1399.714286,1308.666667,1245.166667,1098,1010.4,960,904.6666667,825,1014,898,539,1863,544,816,649,608,876.6666667,628,670,869.3333333,1035,600,673,602,559,528,487.3333333,636,836,482,389.25,344,426,450,340,169,345,312,363,143,258,318,300,286,368,263,284,196,190,91,198,253,276
N6,7980,7153.75,7219.2,6762,6117.333333,7068,6095.833333,5557.2,4653,5040,4322.25,4565,4089,3750,4503,4291.666667,4514.4,4164,4040,3772.285714,3811,3870,3087,2910,2942.2,2710.571429,2624,2502.5,2162,3552,2822.666667,2742.75,2646,2304,2571.894737,2600,1974,2524.285714,2043,2392,2295,2305.238095,2332,2086.444444,2226,2223,2335.8,2114,2238.5,2138.5,2062.5,2018.25,1869,1932,1920,2044.5,1977.142857,1800,2365,1683,2002.2,1917,1845,1539.666667,1618.8,1702,1659,1752.8,1692,1824,1269,1892.571429,1525.4,1503,1881,1300,1643.333333,1419.428571,1473.333333,1327.833333,1170,1053.6,1020,1027.333333,902,702,925,748,1566,672,912,737,784,956.6666667,712,710,837.3333333,855,570,720,623,487.5,605,510,672,532,528,400.5,360,420,475,348,182,375,351,401,154,225,336,300,306,304,287,236,116,230,98,194,161,228
N8,7980,7881.25,6604.8,6777.333333,5125.333333,6556.5,6066.666667,5537.4,4653,4560,4666.5,4620,4089,4350,4779.5,4133.333333,4377.6,4092,3960,3664.285714,3741,3641.538462,3018.4,2940,2998.6,2400.142857,2607.6,2401.666667,2585,3648,2721.166667,3001.5,2394,2304,2357.105263,2840,1722,2442.857143,2340,2146.666667,2023,2130.666667,2225,2259.555556,2322,2070,2320.5,2058,2201.5,2150.25,2000,1880.25,1848,1932,1920,1527.5,2091.428571,1780,2053.333333,1834.8,1870.6,1782,1395,1787.666667,1512.4,1702,1722,1719.2,1663.2,1692,1107,1879.428571,1492.533333,1464,198,1540,1508,1376.714286,1412.666667,1291.666667,1161,1044,1008,981.3333333,715,728,867,803,1836,586.6666667,846,665.5,784,903.3333333,624,660,901.3333333,90,660,679,616,643.5,511.5,430.6666667,648,361,475,375.75,304,428,455,292,78,315,336,373,66,297,324,120,273,32,271,284,212,190,42,196,161,24
N12,8568,8002.5,6528,6777.333333,5249.333333,6463.5,6883.333333,5501.1,4587,4480,4832.25,4719,4031,4200,4779.5,4091.666667,4240.8,4032,3580,3502.285714,3751,3510,2714.6,3075,3036.2,2422.857143,2501,2447.5,2914,3720,2697,3116.5,2352,2052,2332,2800,2142,2337,2448,2300,1972,2108.285714,2259,2387.111111,2208,2016,2050.2,2254,2072,1950.5,1887.5,1771,2079,1554,1776,2162,2102.857143,1740,2090,1861.2,1842.4,1755,1980,1849.666667,1512.4,1369,1764,1596,1620,1668,1377,1840,1484.8,1478,2574,1620,1450,1294.571429,1352,1265.833333,1125,998.4,1044,828,649,416,853,693,1566,512,834,621.5,624,896.6666667,644,650,858.6666667,1170,678.75,674,693,682.5,522.5,459,636,817,465,384.75,324,412,450,316,117,325,306,366,99,315,318,390,295,416,269,284,272,220,63,205,529,312
N16,8064,6377.75,6707.2,6332.666667,5662.666667,6928.5,4579.166667,5517.6,4488,5120,4322.25,4741,3944,3675,5095.5,4283.333333,4377.6,4020,3640,3648.857143,3741,3890.769231,2940,2925,2801.2,2453.142857,2681.4,2878.333333,2091.5,3084,2610,2512.75,2688,2232,2454.736842,2840,2394,2312.571429,2097,2116,2040,2206.761905,2221,2004.444444,2208,2079,2346,2282,2220,1880,1962.5,1845.75,2163,1680,1808,1950.5,1885.714286,1740,2071.666667,1564.2,1983.4,1917,990,1426,1664.4,1480,1575,1618.4,1627.2,1788,1539,1531.142857,1479,1418,1683,1820,1585.333333,1399.714286,1395.333333,1178,1134,1022.4,984,881.6666667,715,780,857,847,1647,586.6666667,894,693,688,773.3333333,688,710,853.3333333,765,528.75,656,721,422.5,583,493,660,627,446,398.25,348,406,416,336,156,390,333,341,132,195,330,260,249,272,232,148,100,240,84,195,736,204
N17,8316,7517.5,6656,6685.333333,5621.333333,7021.5,5891.666667,5583.6,4554,4640,4590,4752,4002,3725,4937.5,4200,4423.2,4092,3680,3641.142857,3774,3530.769231,2949.8,3000,2914,2468.285714,2591.2,2438.333333,2373.5,3504,2643.833333,2932.5,2436,2232,2451.947368,2880,2478,2361.428571,2340,2361.333333,2210,2211.238095,2268,2268.666667,2178,2151,2213.4,2170,2275.5,1903.5,1937.5,1840,1932,1638,1792,2021,1931.428571,1733.333333,2016.666667,1755.6,2011.6,1890,1845,1601.666667,1573.2,1443,1785,1612.8,1612.8,1812,1593,1669.142857,1490.6,1471,2079,1720,1546.666667,1366.857143,1386.666667,1203.833333,1134,1020,1008,866.3333333,660,650,852,759,1404,544,906,665.5,656,816.6666667,680,700,816,945,588.75,670,644,533,577.5,476,672,703,465,391.5,336,414,434,328,130,380,327,349,110,246,336,320,266,336,245,256,172,260,70,200,345,252
N19,8316,8439,6988.8,6409.333333,5414.666667,6649.5,6737.5,5732.1,4719,4400,4972.5,4466,4147,4225,4700.5,4450,4316.8,4008,3460,3810.857143,3752,3613.846154,3214.4,2940,2876.4,2566.714286,2911,2777.5,2961,3516,2382.833333,3024.5,2310,2340,2532.842105,2600,1680,2483.571429,2475,2039.333333,2635,2260.47619,2249,2314.222222,2160,2151,2106.3,2044,2053.5,2173.75,1862.5,2162,1806,1848,1888,1856.5,2268.571429,1773.333333,2071.666667,1848,1870.6,1809,1395,1953,1611.2,1628,1701,1724.8,1720.8,1716,1080,1531.142857,1612.4,1380,1584,1260,1440.333333,1498.285714,1386.666667,1333,1107,1046.4,960,1035,935,936,887,715,1971,618.6666667,858,687.5,752,760,656,670,906.6666667,720,720,632,602,747.5,555.5,464.6666667,636,532,491,389.25,328,454,412,316,143,365,333,324,121,345,318,220,244,256,228,288,284,230,77,196,322,192
N21,8652,7614.5,6912,6332.666667,5745.333333,6649.5,5541.666667,5652.9,4950,4800,4590,4422,4350,4050,4661,4300,4377.6,4176,3900,3826.285714,3749,3565.384615,3204.6,3015,2923.4,2657.571429,2722.4,2676.666667,2397,3564,2571.333333,3007.25,2520,2340,2499.368421,2800,1638,2467.285714,2304,2300,2278,2244.809524,2228,2268.666667,2220,2169,2208.3,1974,2072,2115,2050,2047,1680,1974,1936,1997.5,2045.714286,1833.333333,2181.666667,1716,1880,1809,1575,1684.333333,1634,1739,1764,1713.6,1670.4,1716,1053,1504.857143,1538.933333,1398,1683,1580,1546.666667,1429.285714,1464.666667,1240,1170,1060.8,1008,973.6666667,858,884,863,792,1863,714.6666667,858,737,832,760,688,670,890.6666667,765,630,651,560,578.5,572,521.3333333,648,627,463,405,368,430,416,348,195,365,342,334,165,267,324,270,245,272,228,292,168,230,105,201,69,204
N23,8484,7784.25,6604.8,6838.666667,5621.333333,6556.5,6358.333333,5679.3,4521,4880,4692,4675,3973,3775,4621.5,4350,4195.2,4032,3420,3679.714286,3782,3724.615385,3008.6,3000,2791.8,2453.142857,2755.2,2355.833333,2655.5,3648,2639,2972.75,2562,2160,2432.421053,2800,2478,2239.285714,2376,2192.666667,2414,2193.333333,2265,2323.333333,2166,2124,2070.6,2240,2016.5,1868.25,1987.5,2024,2142,1512,1744,1997.5,2062.857143,1713.333333,2310,1669.8,1927,1674,1395,1663.666667,1740.4,1332,1701,1579.2,1569.6,1692,1593,1800.571429,1550.533333,1454,1782,1440,1556.333333,1409.571429,1352,1250.333333,1125,964.8,984,789.6666667,649,728,893,649,1917,522.6666667,846,610.5,592,890,668,620,906.6666667,810,607.5,685,714,572,550,464.6666667,636,665,500,387,328,414,444,324,156,370,294,375,132,264,318,270,285,288,267,288,208,240,84,200,345,216
N24,8232,8026.75,6502.4,6547.333333,5580,6370.5,6154.166667,5646.3,4818,4720,4755.75,4466,4234,3800,4977,4425,4271.2,4068,3800,3517.714286,3791,3696.923077,2900.8,2910,2820,2491,2861.8,2603.333333,2655.5,3144,2817.833333,2921,2478,1980,2479.842105,2640,2058,2402.142857,2421,2208,2533,2226.904762,2320,2323.333333,2172,2034,2142,2044,2127.5,2032.75,1975,2001,1890,2016,1952,1833,2074.285714,1826.666667,2053.333333,1841.4,2039.8,1701,1530,1818.666667,1626.4,1776,1701,1696.8,1612.8,1644,1323,1866.285714,1577.6,1466,1683,1620,1508,1501.571429,1378,1167.666667,1170,1029.6,984,904.6666667,759,494,923,748,1863,725.3333333,822,720.5,864,943.3333333,648,630,880,765,682.5,694,630,663,555.5,515.6666667,600,627,531,402.75,364,420,464,340,182,390,333,389,154,306,300,250,300,272,283,288,216,270,98,194,299,204
N25,8736,7493.25,6835.2,6562.666667,5745.333333,6603,5454.166667,5685.9,5082,5200,4551.75,4576,4466,4125,4819,4558.333333,4392.8,4236,3800,3594.857143,3804,3773.076923,2979.2,3015,3102,2680.285714,2853.6,2410.833333,2397,3696,2784,2984.25,2730,2052,2594.210526,2760,2226,2491.714286,2106,2100.666667,2686,2314.190476,2339,2282.333333,2214,2016,2167.5,2184,2109,2103.25,1900,2098.75,1932,2100,1984,2091.5,1994.285714,1840,2181.666667,1722.6,1992.8,1863,1305,1663.666667,1459.2,1850,1722,1724.8,1699.2,1704,1431,1886,1577.6,1476,2178,1520,1614.333333,1491.714286,1482,1255.5,1107,1068,984,1004.333333,847,650,954,781,1836,746.6666667,852,764.5,864,933.3333333,684,690,880,990,618.75,710,644,565.5,572,521.3333333,648,703,546,407.25,368,438,465,352,208,400,357,393,176,261,324,300,302,352,280,292,148,280,112,201,23,264
N30,8484,7299.25,6937.6,6378.666667,5704,6789,6008.333333,5633.1,4884,5040,4692,4488,4292,3950,4779.5,4241.666667,4377.6,4116,3500,3787.714286,3732,3842.307692,3263.4,2940,2744.8,2597,2615.8,2511.666667,2655.5,3432,2561.666667,2990,2646,2484,2451.947368,3040,1596,2483.571429,2331,2284.666667,1904,2222.428571,2267,2177.555556,2208,2196,2096.1,1988,2238.5,2091.5,1912.5,1863,1806,1974,1936,2091.5,2022.857143,1820,2200,1716,1861.2,1755,1620,1767,1710,1739,1764,1719.2,1627.2,1752,1026,1636.285714,1496.4,1389,2475,1460,1575.666667,1389.857143,1438.666667,1234.833333,1107,1046.4,972,966,847,806,874,748,1647,725.3333333,876,731.5,816,823.3333333,688,650,832,1125,656.25,673,602,630.5,594,527,660,874,473,407.25,372,430,431,356,221,415,336,355,187,291,330,320,272,400,247,216,200,320,119,196,345,300
N32,7980,7444.75,7475.2,6271.333333,6654.666667,6696,5979.166667,5751.9,4554,4880,4590,4686,4002,4025,5253.5,4358.333333,4392.8,4164,3620,3687.428571,3836,3883.846154,3106.6,2955,2914,2824.142857,2673.2,3235.833333,2209,3480,2909.666667,2725.5,2562,2304,2588.631579,3000,1764,2459.142857,2115,2192.666667,2295,2314.190476,2321,2072.777778,2298,2106,2172.6,2184,2127.5,2021,1862.5,2001,2016,1806,1840,2021,2028.571429,2220,2108.333333,1702.8,2368.8,1890,1575,1529.333333,1808.8,1591,1575,1668.8,1958.4,1728,1134,1879.428571,1508,1482,2376,1700,1624,1389.857143,1404,1250.333333,1116,1243.2,984,973.6666667,1584,962,944,814,1836,1344,864,1078,1296,910,776,700,906.6666667,1080,697.5,692,672,494,726,872.6666667,684,798,542,553.5,616,450,454,464,585,375,339,384,495,228,342,340,297,384,273,220,132,260,315,197,483,288
N33,7560,8002.5,7398.4,6562.666667,6572,6463.5,6183.333333,5758.5,4422,4720,4819.5,4620,3886,3925,5490.5,4383.333333,4392.8,4080,3920,3564,3839,3883.846154,2910.6,2940,2942.2,2778.714286,2738.8,2924.166667,2632,3276,3001.5,2783,2478,2016,2569.105263,2760,2142,2491.714286,2349,2116,2329,2300.761905,2351,2195.777778,2310,2070,2305.2,2058,2164.5,2032.75,1925,2058.5,1869,1848,1824,2068,2137.142857,2040,2016.666667,1828.2,2180.8,1728,1260,1725.666667,1770.8,1628,1659,1696.8,1792.8,1668,1377,1971.428571,1581.466667,1496,1980,1640,1537,1429.285714,1421.333333,1229.666667,1170,1166.4,948,935.3333333,1155,780,942,847,1809,1002.666667,834,869,960,963.3333333,756,640,922.6666667,900,686.25,696,623,630.5,665.5,697,624,703,545,495,492,446,464,428,442,355,324,396,374,291,312,290,309,320,289,240,212,240,238,196,299,240
N34,7812,7275,7603.2,6670,6820,6649.5,6154.166667,5738.7,4257,4800,4704.75,4840,3741,4075,5293,4333.333333,4392.8,4092,3560,3733.714286,3842,4077.692308,3028.2,3045,2942.2,2809,2706,2942.5,2326.5,3384,2900,2610.5,2520,2196,2613.736842,2960,2268,2426.571429,2079,2330.666667,2142,2341.047619,2330,2091,2298,2142,2249.1,2282,2238.5,2044.5,1937.5,1995.25,2100,1512,1728,2044.5,2040,2200,1980,1597.2,2284.2,1809,1845,1519,1816.4,1332,1722,1674.4,1944,1716,1458,1846.571429,1509.933333,1511,2079,1760,1566,1389.857143,1369.333333,1245.166667,1152,1185.6,1032,912.3333333,1496,910,929,792,1485,1194.666667,858,984.5,1120,896.6666667,780,670,880,945,678.75,681,700,487.5,709.5,844.3333333,672,741,533,551.25,596,444,457,460,546,400,309,375,462,225,336,350,290,336,269,192,156,290,294,203,184,252
N36,6972,7299.25,8422.4,6838.666667,7274.666667,6789,6854.166667,5511,4026,4480,4488,4675,3538,4025,5372,3666.666667,4727.2,4080,3300,3996,3845,4236.923077,3479,3135,3233.6,3028.571429,2222.2,2759.166667,2115,3468,3141.666667,2679.5,2352,2628,2348.736842,2600,1386,2369.571429,2169,2361.333333,2516,2110.52381,2309,1999.888889,2160,2313,2126.7,2240,1831.5,2502.75,1837.5,1891.75,2142,1638,1680,1950.5,2251.428571,2446.666667,2053.333333,1544.4,2021,1890,2070,1436.333333,1877.2,1443,1806,1713.6,2095.2,1752,891,2188.285714,1326.266667,1561,2178,2020,1430.666667,1192.714286,1308.666667,1343.333333,1071,1320,1236,1035,1760,1040,937,704,1863,1386.666667,876,1100,1088,1090,872,700,1040,990,630,717,714,474.5,863.5,918,612,684,631,564.75,648,458,468,532,806,340,327,424,682,219,306,590,349,352,327,228,136,190,434,209,184,264
N37,7980,7347.75,8064,6854,7316,6417,6125,5586.9,4587,4800,4564.5,4708,4031,4050,5332.5,4200,4681.6,4284,3400,3733.714286,3947,4271.538462,3194.8,3315,3214.8,2907.428571,2722.4,3345.833333,2350,3168,3107.833333,2737,2520,2556,2510.526316,2840,2394,2345.142857,2322,2453.333333,2176,2233.619048,2388,2159.333333,2070,2142,2121.6,2282,2201.5,2256,1862.5,1822.75,2184,1848,1728,1974,2085.714286,2360,1778.333333,1603.8,2265.4,1971,2160,1529.333333,1884.8,1628,1764,1719.2,2044.8,1656,1539,2102.857143,1411.333333,1545,2277,1840,1469.333333,1396.428571,1369.333333,1167.666667,1053,1315.2,1164,1042.666667,1595,832,996,616,1161,1408,828,1127.5,1040,1063.333333,852,730,901.3333333,1035,633.75,720,728,546,836,906.6666667,636,779,595,569.25,640,430,503,556,871,310,351,418,737,252,318,560,342,368,319,188,160,170,469,221,230,276
N38,7728,7396.25,7091.2,6562.666667,6076,6603,6270.833333,5567.1,4521,4720,4717.5,4631,3973,4200,5411.5,4266.666667,4468.8,4176,3580,3733.714286,3847,3946.153846,3243.8,2985,2923.4,2725.714286,2632.2,2823.333333,2350,2892,2967.666667,2512.75,2478,2448,2524.473684,3160,2100,2434.714286,2214,2223.333333,2142,2264.952381,2378,1936.111111,2256,2142,2259.3,2016,2294,2056.25,1900,1886,1764,1890,1904,1974,2080,2053.333333,2016.666667,1755.6,2246.6,1701,1620,1653.333333,1694.8,1665,1785,1708,1807.2,1704,1350,2004.285714,1500.266667,1507,2673,1760,1575.666667,1386.571429,1360.666667,1234.833333,1161,1164,1032,927.6666667,1188,988,943,803,1809,1024,852,874.5,992,993.3333333,712,630,928,1215,663.75,711,588,559,665.5,697,660,969,555,490.5,492,446,488,424,442,420,324,406,374,258,330,390,325,432,298,188,164,310,238,199,437,324
N39,7728,7978.25,7065.6,6256,5993.333333,6370.5,6066.666667,5610,4323,4640,4781.25,4653,3799,4150,5253.5,4266.666667,4256,4044,3520,3864.857143,3817,3696.923077,3322.2,2940,2801.2,2566.714286,2624,2905.833333,2561.5,3336,2938.666667,2714,2436,2520,2485.421053,2840,1764,2451,2286,2192.666667,2006,2240.333333,2321,2118.333333,2232,2223,2136.9,1974,2220,1950.5,1887.5,1845.75,1806,1638,1792,1950.5,2165.714286,1973.333333,1998.333333,1749,2086.8,1755,1575,1684.333333,1596,1443,1701,1668.8,1785.6,1644,1134,2017.428571,1527.333333,1459,2376,1660,1546.666667,1363.571429,1300,1250.333333,1143,1132.8,984,912.3333333,1188,1066,922,891,1944,949.3333333,822,847,944,986.6666667,696,650,938.6666667,1080,686.25,702,602,585,632.5,685.6666667,624,817,528,486,484,450,483,404,390,345,312,404,330,270,312,330,320,384,296,244,204,290,210,196,322,288
N42,7896,7541.75,6681.6,6562.666667,5497.333333,6649.5,6620.833333,5652.9,4389,4400,4794,4620,3857,4050,5056,4141.666667,4210.4,3912,3280,3718.285714,3863,3793.846154,3194.8,2835,3017.4,2536.428571,2583,2997.5,2444,3060,2740.5,2616.25,2310,2340,2502.157895,3000,2268,2499.857143,2295,2376.666667,2176,2251.52381,2354,2113.777778,2166,2142,2157.3,2100,2238.5,1974,2000,1886,1932,1638,1808,1927,2062.857143,1873.333333,1888.333333,1683,2265.4,1809,1845,1674,1504.8,1443,1764,1668.8,1936.8,1716,1458,1905.714286,1537,1464,2475,1700,1479,1366.857143,1291.333333,1198.666667,1161,1113.6,996,943,1155,910,911,638,1944,885.3333333,858,825,1104,943.3333333,644,670,890.6666667,1125,720,691,644,572,572,640.3333333,636,893,531,447.75,452,458,477,332,182,445,318,383,154,264,318,340,308,400,283,188,196,370,98,189,368,300
N43,7140,7954,7065.6,6240.666667,5869.333333,6370.5,6387.5,5613.3,4158,4560,4870.5,4609,3654,4050,5214,4225,4225.6,3840,3280,3733.714286,3874,3960,3175.2,2775,2895.2,2634.857143,2681.4,3034.166667,2608.5,3132,2885.5,2702.5,2394,2376,2491,2920,2436,2426.571429,2376,2484,2108,2229.142857,2352,2159.333333,2244,2187,2172.6,2044,2220,2044.5,1887.5,1794,1890,1722,1840,1856.5,2137.142857,2100,1888.333333,1729.2,2293.6,1809,2475,1746.333333,1626.4,1517,1806,1674.4,1864.8,1644,1566,1997.714286,1517.666667,1464,2574,1580,1459.666667,1380,1248,1219.333333,1143,1166.4,984,943,1342,832,936,682,1944,1120,822,946,1088,990,708,670,917.3333333,1170,735,691,630,617.5,682,753.6666667,600,931,548,506.25,532,452,494,424,481,375,324,398,407,285,300,340,323,416,297,236,216,330,259,185,391,312
N44,7308,7590.25,7756.8,6133.333333,6737.333333,7021.5,6037.5,5639.7,4422,4480,4704.75,4598,3886,4025,4937.5,4183.333333,4544.8,3972,3440,3795.428571,3869,4008.461538,3312.4,2820,3130.2,2846.857143,2640.4,2942.5,2279.5,3252,2919.333333,2760,2352,2340,2566.315789,2720,2268,2459.142857,2277,2315.333333,2363,2303,2389,2163.888889,2256,2277,2198.1,1918,2312.5,2150.25,1762.5,1874.5,1722,1974,1936,1927,2091.428571,2166.666667,1906.666667,1630.2,2303,1782,2295,1674,1763.2,1739,1785,1736,1857.6,1812,1458,2096.285714,1515.733333,1465,2079,1380,1469.333333,1409.571429,1395.333333,1291.666667,1098,1190.4,1008,989,1463,858,954,682,1917,1216,906,990,1152,1026.666667,804,660,917.3333333,945,701.25,714,574,572,770,776.3333333,636,684,585,513,548,452,506,448,546,400,339,407,462,264,318,310,329,336,308,228,164,320,294,188,115,252
N55,8064,7905.5,7756.8,6424.666667,6489.333333,7486.5,6970.833333,5629.8,4884,4960,4717.5,4455,4292,4000,5885.5,4400,5046.4,4488,3880,3756.857143,3862,3911.538462,3224.2,3225,3102,2778.714286,2706,2951.666667,2491,3540,2953.166667,2857.75,2604,2412,2624.894737,3000,2226,2581.285714,2187,2300,2312,2341.047619,2387,2273.222222,2208,2151,2264.4,2044,2331,2162,1925,2001,1806,2184,1408,1974,2051.428571,2233.333333,2145,1821.6,2387.6,1917,1800,1364,1770.8,1924,1659,1775.2,2030.4,1932,1431,1938.571429,1517.666667,1483,2277,1820,1633.666667,1449,1473.333333,1271,1161,1243.2,588,1065.666667,1353,858,959,902,1134,1205.333333,966,1012,1216,946.6666667,808,710,858.6666667,1035,585,725,602,624,775.5,742.3333333,684,779,550,533.25,524,442,473,428,481,385,369,396,407,288,342,360,307,368,284,260,176,260,259,215,506,276
N58,7560,8123.75,6630.4,6424.666667,5497.333333,6742.5,6533.333333,5471.4,4422,4880,4959.75,4609,3886,3550,5095.5,4233.333333,4408,4008,3320,3679.714286,3791,3593.076923,2881.2,2865,2763.6,2498.571429,2599.4,2603.333333,3055,3312,2672.833333,3007.25,2562,2160,2426.842105,2920,2016,2353.285714,2511,2560.666667,2040,2188.857143,2295,2341.555556,2232,2151,2091,1988,2275.5,1974,1887.5,1765.25,1743,1848,1888,2021,2062.857143,1846.666667,1906.666667,1834.8,1936.4,1782,2430,1932.333333,1520,1628,1764,1696.8,1620,1740,1296,1859.714286,1515.733333,1427,2772,1540,1546.666667,1373.428571,1369.333333,1178,1098,1053.6,984,889.3333333,770,650,889,638,1431,704,870,726,768,913.3333333,660,660,821.3333333,1260,716.25,684,581,734.5,588.5,521.3333333,672,855,491,416.25,368,418,465,352,234,365,330,378,198,339,336,360,302,448,274,256,276,270,126,191,506,336
N59,8316,7638.75,6630.4,6470.666667,5538.666667,6370.5,6504.166667,5563.8,4884,4320,4806.75,4741,4292,3600,5056,4116.666667,4271.2,4068,3400,3718.285714,3806,3925.384615,3136,2910,2726,2604.571429,2591.2,2566.666667,2702.5,2928,2711.5,2852,2268,2340,2449.157895,2680,2226,2483.571429,2484,2407.333333,2006,2206.761905,2296,2209.444444,2268,2169,2080.8,2072,2238.5,2079.75,1950,1828.5,1932,2058,1968,1856.5,2142.857143,1846.666667,2181.666667,1742.4,1908.2,1836,2160,1901.333333,1634,1813,1680,1730.4,1663.2,1644,1431,1905.714286,1538.933333,1455,2178,1540,1450,1393.142857,1369.333333,1327.833333,1143,1087.2,960,989,858,884,896,649,1917,768,822,770,864,930,640,680,885.3333333,990,708.75,683,644,715,566.5,538.3333333,624,703,510,414,380,432,462,360,234,415,351,377,198,330,312,280,301,352,279,248,244,330,126,194,552,264
N60,8064,6790,6553.6,6608.666667,5249.333333,6556.5,5075,5402.1,4488,4800,4437,4741,3944,3625,4779.5,4275,4225.6,3936,3320,3648.857143,3789,3814.615385,2969.4,2895,2876.4,2468.285714,2714.2,2640,2091.5,3132,2643.833333,2639.25,2520,2232,2418.473684,3000,2814,2426.571429,2178,2591.333333,2125,2191.095238,2261,2168.444444,2238,2106,2193,2128,2312.5,2021,1925,1794,1911,1680,1584,1809.5,1794.285714,1733.333333,1815,1504.8,2058.6,1944,2475,1322.666667,1512.4,1480,1680,1668.8,1684.8,1692,1809,1899.142857,1436.466667,1466,1386,1620,1498.333333,1406.285714,1343.333333,1234.833333,1098,1029.6,828,943,737,572,900,682,1134,554.6666667,846,682,720,910,636,720,741.3333333,630,498.75,682,637,448.5,528,464.6666667,624,703,487,380.25,328,420,461,308,91,355,336,376,77,207,312,240,287,224,273,192,116,200,49,193,713,168
N62,8148,7517.5,7116.8,6516.666667,5621.333333,7300.5,6475,5606.7,4752,4720,4730.25,4708,4176,3625,4700.5,4250,4575.2,4068,3520,3664.285714,3819,3773.076923,2989,2910,2754.2,2612.142857,2714.2,2740.833333,2655.5,3420,2697,2880.75,2478,2268,2449.157895,2840,2226,2467.285714,2232,2361.333333,2142,2213.47619,2305,2150.222222,2316,2187,2315.4,2044,2220,2068,1975,1920.5,1869,1974,1920,1927,2097.142857,1786.666667,1925,1762.2,2030.4,1863,1845,1798,1542.8,1739,1575,1736,1677.6,1884,1431,1964.857143,1525.4,1480,1980,1400,1517.666667,1439.142857,1421.333333,1286.5,1152,1058.4,984,989,825,650,906,682,1728,682.6666667,942,731.5,800,940,712,690,858.6666667,900,663.75,709,623,656.5,638,504.3333333,660,684,504,398.25,356,426,460,344,182,345,348,384,154,303,330,290,302,320,282,192,216,230,98,194,759,240
N66,7644,8366.25,7398.4,6225.333333,6737.333333,6556.5,7000,5811.3,4587,4240,4959.75,4620,4031,3975,5095.5,3983.333333,4453.6,4020,3800,3718.285714,3818,4181.538462,2949.8,2925,2914,2695.428571,2492.8,2988.333333,2702.5,3720,2856.5,3139.5,2226,2016,2488.210526,2480,1848,2434.714286,2457,1947.333333,2023,2209,2314,2350.666667,2154,2205,2167.5,2170,2109,2079.75,1912.5,1828.5,2016,2016,1904,2185.5,2062.857143,2153.333333,1998.333333,1861.2,2115,1944,1080,1870.333333,1877.2,1776,1701,1635.2,1720.8,1692,1188,1859.714286,1527.333333,1461,3168,1500,1401.666667,1343.857143,1369.333333,1193.5,1170,1159.2,984,981.3333333,1221,676,890,792,1890,1162.666667,846,995.5,1024,923.3333333,792,720,928,1440,738.75,671,672,715,753.5,702.6666667,588,855,530,488.25,496,428,458,432,585,405,360,373,495,330,294,430,309,512,277,272,248,310,315,195,437,384
N67,8064,7857,7705.6,6639.333333,6365.333333,7021.5,7058.333333,5692.5,4389,4480,4781.25,4697,3857,4150,5174.5,4133.333333,4423.2,3948,3320,3849.428571,3855,3786.923077,3390.8,2985,2895.2,2718.142857,2640.4,3052.5,2373.5,3492,2967.666667,2714,2352,2448,2485.421053,2720,2688,2337,2205,2223.333333,2023,2238.095238,2341,2163.888889,2262,2295,2034.9,2072,1961,1927,1900,1897.5,1890,1554,1664,1974,2057.142857,2033.333333,2035,1669.8,2246.6,1755,1575,1539.666667,1831.6,1369,1680,1663.2,1828.8,1812,1728,2089.714286,1451.933333,1511,2376,1560,1440.333333,1353.714286,1282.666667,1327.833333,1107,1161.6,924,889.3333333,1342,936,942,781,1458,1056,906,902,928,1006.666667,804,650,837.3333333,1080,637.5,719,630,533,775.5,770.6666667,612,779,554,515.25,544,448,487,460,533,390,306,400,451,246,306,340,326,384,302,244,180,290,287,199,713,288
N68,8232,7347.75,6988.8,6424.666667,5621.333333,7300.5,6766.666667,5504.4,4554,4800,4500.75,4422,4002,3950,4779.5,4158.333333,4499.2,3984,3600,4042.285714,3800,3662.307692,3430,2955,2688.4,2483.428571,2624,2456.666667,2420.5,3564,2779.166667,2846.25,2520,2556,2415.684211,2680,2394,2345.142857,2196,2208,1972,2186.619048,2288,2296,2196,2367,2136.9,1764,2109,1927,2012.5,1897.5,1659,1680,1824,1927,2011.428571,1806.666667,2145,1656.6,1955.2,1809,1530,1622.333333,1710,1480,1638,1596,1548,1884,1539,1859.714286,1513.8,1446,2079,1480,1498.333333,1373.428571,1317.333333,1229.666667,1161,1027.2,1008,843.3333333,770,1014,886,847,1782,650.6666667,942,704,704,940,736,670,880,945,603.75,709,553,539.5,676.5,527,612,703,498,409.5,372,394,460,356,221,400,321,386,187,249,306,310,303,336,282,236,172,280,119,197,345,252
N69,8316,7711.5,6809.6,6470.666667,5704,6928.5,6008.333333,5428.5,4587,4720,4781.25,4444,4031,3700,5214,4316.666667,4484,4188,3520,3679.714286,3794,3496.153846,3067.4,3075,2895.2,2453.142857,2689.6,2621.666667,2655.5,3228,2808.166667,2880.75,2478,2196,2479.842105,3040,2226,2288.142857,2394,2315.333333,2380,2231.380952,2328,2268.666667,2232,2115,2060.4,1918,2312.5,1927,1950,1880.25,1617,1680,1824,1715.5,2022.857143,1853.333333,2035,1775.4,1908.2,1809,1710,1736,1550.4,1480,1701,1646.4,1648.8,1788,1431,1899.142857,1525.4,1469,990,1560,1575.666667,1399.714286,1369.333333,1152.166667,1125,1036.8,1020,843.3333333,759,780,908,836,1350,661.3333333,894,709.5,720,960,696,670,832,450,648.75,715,539,611,610.5,538.3333333,660,589,518,427.5,380,408,475,360,221,350,321,396,187,282,330,210,298,160,288,264,216,250,119,205,667,120
N70,7980,8148,7756.8,6685.333333,6985.333333,7068,7379.166667,5850.9,4785,4720,4870.5,4642,4205,3900,5648.5,4350,4803.2,4332,3920,3618,3882,3960,2949.8,3135,3045.6,2884.714286,2681.4,2997.5,2726,3492,2924.166667,2944,2478,2160,2708.578947,2960,714,2638.285714,2448,2208,2465,2412.666667,2387,2091,2328,2088,2335.8,2030,2275.5,2150.25,1950,2116,1827,2100,1968,2115,2177.142857,2226.666667,2016.666667,1834.8,2021,1917,1620,1860,1808.8,1850,1659,1702.4,1922.4,1824,459,1899.142857,1631.733333,1490,2376,1720,1556.333333,1452.285714,1473.333333,1276.166667,1197,1260,1020,1042.666667,1375,858,934,814,1512,1216,912,1017.5,1216,916.6666667,808,710,906.6666667,1080,772.5,699,609,695.5,748,770.6666667,648,836,554,535.5,544,436,462,440,494,405,363,382,418,321,324,360,299,384,275,252,228,290,266,209,92,288
N71,7896,7954,8089.6,6670,7522.666667,7300.5,7233.333333,5738.7,4290,4720,4870.5,4587,3770,3925,4858.5,4208.333333,4453.6,3972,3500,3672,3886,4008.461538,2989,2910,3149,2877.142857,2640.4,2997.5,2726,3012,2875.833333,2622,2478,2160,2630.473684,2840,2688,2312.571429,2403,2192.666667,2295,2336.571429,2397,2255,2178,2124,2152.2,2044,2368,2009.25,1900,1966.5,1764,1512,1760,1997.5,2097.142857,2080,1980,1775.4,2180.8,1782,1530,1725.666667,1877.2,1332,1659,1657.6,1900.8,1884,1728,1807.142857,1564.066667,1529,1782,1660,1546.666667,1389.857143,1378,1224.5,1116,1176,1056,904.6666667,1408,858,938,737,1701,1141.333333,942,951.5,912,880,872,660,869.3333333,810,705,689,588,604.5,830.5,816,672,627,546,517.5,576,450,445,492,650,405,306,368,550,279,336,320,282,288,264,220,228,290,350,194,598,216
N72,7980,8245,8064,6348,7274.666667,6742.5,6562.5,5745.3,4356,4800,5061.75,4774,3828,4175,5806.5,4016.666667,4864,4344,3380,3795.428571,3859,4195.384615,3253.6,3495,3102,2877.142857,2542,2759.166667,3055,3144,2987,2691,2520,2556,2538.421053,3080,2016,2353.285714,2448,2300,2176,2287.333333,2402,2091,2262,2070,2131.8,2268,2127.5,2220.75,1875,1903.25,2184,1554,1744,1997.5,2457.142857,2386.666667,1833.333333,1841.4,2143.2,1863,1710,1849.666667,1740.4,1369,1659,1640.8,1972.8,1740,1296,1951.714286,1523.466667,1511,2376,1840,1469.333333,1324.142857,1300,1234.833333,1089,1308,1260,935.3333333,1529,1066,921,693,1755,1248,870,1023,928,983.3333333,852,690,1082.666667,1080,750,702,728,695.5,836,867,624,931,574,580.5,612,442,466,528,767,380,318,395,649,321,312,570,319,384,295,212,280,290,413,233,161,288
N14,8820,7784.25,6656,6578,5166.666667,6370.5,6416.666667,5517.6,5214,4560,4743,4576,4582,4250,4582,4083.333333,4316.8,4092,3720,3702.857143,3688,3544.615385,2979.2,2985,2904.6,2551.571429,2673.2,2713.333333,2632,3588,2460.166667,3036,2394,2232,2292.947368,2560,2562,2434.714286,2385,2223.333333,1972,2085.904762,2195,2300.555556,2208,2115,2106.3,2114,2072,2150.25,1912.5,1799.75,1932,2226,2016,1927,2108.571429,1806.666667,1833.333333,1861.2,2115,1809,1575,1870.333333,1535.2,1961,1617,1736,1634.4,1644,1647,1570.571429,1475.133333,1428,2178,1340,1411.333333,1412.857143,1395.333333,1183.166667,1098,1032,972,1019.666667,704,754,836,770,1917,725.3333333,822,742.5,864,776.6666667,652,670,880,990,682.5,642,644,702,566.5,481.6666667,576,722,434,384.75,340,424,404,336,182,290,360,331,154,324,288,300,255,352,233,260,220,150,98,199,161,264