ID,Bifidobacterium longum,Bacteroides caccae,Bacteroides cellulosilyticus,Bacteroides coprocola,Bacteroides coprophilus,Bacteroides dorei,Bacteroides eggerthii,Bacteroides finegoldii,Bacteroides fragilis,Bacteroides massiliensis,Bacteroides ovatus,Bacteroides plebeius,Bacteroides stercoris,Bacteroides thetaiotaomicron,Bacteroides uniformis,Bacteroides vulgatus,Bacteroides xylanisolvens,Barnesiella_intestinihominis,Odoribacter splanchnicus,Parabacteroides distasonis,Parabacteroides merdae,Parabacteroides unclassified,Paraprevotella unclassified,Prevotella copri,Prevotella stercorea,Alistipes onderdonkii,Alistipes putredinis,Alistipes shahii,Eubacterium eligens,Eubacterium rectale,Eubacterium siraeum,Ruminococcus gnavus,Ruminococcus torques,Coprococcus comes,Coprococcus sp ART55 1,Roseburia hominis,Roseburia intestinalis,Roseburia inulinivorans,Oscillibacter unclassified,Faecalibacterium prausnitzii,Ruminococcus bromii,Ruminococcus callidus,Ruminococcus lactaris,Subdoligranulum unclassified,Megamonas rupellensis,Megamonas unclassified,Sutterella wadsworthensis,Bilophila unclassified,Escherichia coli,Klebsiella phage KP36
G1,0,2.54099,0.26364,0.10427,0,2.45359,0.05496,2.30633,0.75714,0.0975,1.8659,0.20194,0.13799,0.89703,1.55047,3.15256,0.02927,0.00428,0,0.10635,0.7396,0,0.00987,45.48107,0.00789,0.02656,3.25269,0.28216,0.02132,9.27625,0.00407,0.78114,0.066,0.00621,0,0.01016,0.00791,0.04693,1.16805,4.85773,0.02861,0.00068,0,0.06104,0.02492,5.76611,5.12108,1.00635,0.10924,0
G2,0.55048,1.09818,0.018,10.34353,0,0.10558,0.02262,0.01004,0.01752,2.88185,0.55398,18.61384,1.43106,0.14466,0.25957,4.74043,0.08632,0,0.82576,0.30033,1.00806,0,0,0.18117,20.70565,0.76848,1.17434,0.57252,0.51211,3.51749,0,0.05927,0.70203,1.06745,0,0.91345,0.80832,0.67592,0.05858,10.60007,0.58483,0,0.53315,1.53831,0.1797,0.67403,0.00307,0.73077,0.1812,0
G3,0.93054,0.75682,0.37057,0.06453,0,0.06841,0.04114,0.06471,0.02604,3.04905,2.34488,4.304,12.05042,0.43321,2.81952,4.75478,0.60752,0.95046,0.35425,0.13166,0.44925,0,1.07803,0.25283,0,0.90164,8.13554,1.3431,0.8525,17.39825,8.23622,0.037,0.20834,1.6247,0,0.29219,4.21314,0.68513,0.62212,7.18794,0.90111,0.12292,0.6555,0.3854,1.24653,3.66543,0.00219,0.94322,0.04526,0
G4,0.77683,5.33721,0,0.05567,0,0.22379,0.02899,0.00562,5.03382,0.04868,6.31984,0.08098,36.38836,0.00353,0.04131,16.39714,0.00739,0,0,1.94173,0.00907,1.49349,0.00426,0.17661,0,0.00575,0.05262,0.00173,1.02354,5.69553,0,0.88481,0,0,0,0.0954,0,1.46561,0,0.29951,0.01047,0,0,0.99801,2.50914,9.52407,0.00815,0.04608,0.1143,0
G5,0.21846,2.25074,2.7355,0.06455,0,0.41474,0.04704,0.00854,0.20554,0.06903,0.06859,3.48051,0.88218,1.61165,0.31882,10.89872,0.63658,0,0,0.01554,2.00192,0,0.0052,47.20033,0,0.1063,4.60651,1.04418,0.01402,3.61665,0,0.08517,0.05745,0.18711,0,0.35464,0.0038,2.12965,0.86723,2.32744,0.19329,0,0,1.88632,0.01619,0.10442,0.01253,1.08402,0.46938,0
G6,0.01227,0.03792,0,0.26943,0.28903,0.09139,0.00755,0.2644,0.01073,0.18905,0.0198,0.85331,0.08021,0.07102,0.20447,0.09454,0.00878,0.95191,0.16871,0.02036,0.06045,0,0.11568,7.65126,0,0.02404,2.17144,0.33135,0.16425,0.55856,0,0.00764,0.01942,0.18991,0,0.30411,0.16031,0.09636,0.10079,1.48721,0.20762,0.16274,0,3.59578,0.01212,0.07016,0.0004,0.01427,2.00076,73.90811
G7,0.28868,1.10315,0,22.50442,0,0.05614,0.02603,0.00261,0.04208,11.7435,0.61693,0.06615,13.97886,0.11429,0.33021,3.22869,0.01201,0.00397,0,2.53794,0.00807,0,0.00588,0.15006,0,0.43151,2.7614,0.00269,0.41305,0.51477,0,1.63111,0.2721,0.41229,0,0.01731,0.13823,0.12409,0,0.19353,0.48226,0,0,0.30331,5.29073,24.49059,0.0026,1.61474,0.38375,0
G8,0,3.74921,0.22117,0.07423,0,0.09443,0.03453,0.24781,8.89106,0.06971,3.18309,21.165,0.11206,0.86107,2.64886,21.46296,0.40906,0,0,1.56092,0,1.92751,0,0.25068,0,0.3866,1.08264,0.01097,0.00207,0.07245,0,3.19846,2.34942,0,0,0,1.85929,0.02508,0.4303,2.66673,0.00399,0,0,0.09055,0.00107,0.0886,0.00584,0.60954,0.39868,0
G9,0.49548,0.73151,0.13128,0.07106,0,2.0985,0.3098,0.05455,0.02502,1.74106,1.15716,7.23999,7.2142,0.46007,0.00636,0.25357,0.05538,2.0773,0.45036,1.38016,1.63156,0,0.98435,0.25013,0.01637,0.73561,5.91486,0.43792,0.69003,16.85076,2.79382,0.00451,0.15807,1.20885,0,1.06541,0.5624,0.21564,0.74516,11.07406,12.34895,0.00562,0.00173,1.71186,0.03899,7.41328,0.01283,0.88218,0.05818,0
G10,1.00795,0.01912,0.01576,0.03803,0,16.16985,0.03162,0.5022,0.02661,6.19107,0.82693,0.07324,15.61102,0.67955,0.72682,3.07876,0.02367,0.00135,0,0.11714,0.00728,1.39484,0.00227,0.12597,0.00126,0.00742,0.4325,0.16303,0.00491,0.05283,0,0.16625,0.44393,0.00229,0,0.0008,0.05227,0.01726,0.02988,0.30699,0.00636,0,0.00071,0.39106,6.76421,27.62176,0.0044,0.19101,0.22624,0
G11,0.32051,1.62114,0.50506,0.07004,0,4.47097,0.04579,1.40336,0.02615,25.33683,2.93381,0.10071,20.11249,2.54747,0.18725,1.05021,0.71867,0.00387,0,1.91766,1.70447,0,0,0.22635,0,0.57081,3.38665,0.39434,0.00932,0.0742,0.00185,1.90006,0.27093,0,0,4.96988,0.00267,0.02096,1.11048,3.27789,1.05152,0,0,0.37209,0.08213,1.78353,0.00389,1.83732,0.00712,0
G12,0,0.033,0.25498,0.05496,0,0.06216,0.02898,0.0055,0.028,19.86347,0.38939,0.09196,0.0828,4.50822,6.7031,8.91881,1.06307,0,1.9255,0.01266,0.0085,2.42024,0.00634,0.2066,0,0.01076,0.05615,0.79522,6.12898,0.08752,0.00507,3.88656,0.3236,0.001,0,0.14239,0.00213,3.04984,0.90423,10.25023,2.13055,0,0,1.23053,1.75842,12.57863,0.00382,1.56321,0.07469,0
G13,0.05956,0.36678,0,0,0,0.35828,0.00372,2.23814,0.19427,8.52181,1.65122,0,23.18253,0.56632,1.43753,2.1558,0.01575,0.25634,0,0.33728,0,0.49925,0,0.05858,0,0.02605,3.7968,0.54827,4.54294,0.98219,0,1.9585,1.59426,0.28778,0,0.71328,0.29184,6.30407,0.16857,2.68161,0,0,0,0.90115,0.02949,19.8596,3.68462,0.847,0,0
G14,0.26627,0.27262,0.00219,9.23726,0,0.07206,0.03858,0,0,2.70957,0.46448,7.23592,0.59925,0.37722,0.72908,0.42614,0.01991,1.31001,0.60432,0.31889,0.48371,0,0.3821,51.59982,0,0.17369,2.33311,0.44105,2.56678,5.23583,0.47503,0.01202,0.82633,0.71209,0,0.02286,0.01841,0.68396,0.30706,1.75865,0.14295,1.25123,0,2.05941,0,0.03169,0,0.48376,0.89765,0
G15,0.23768,0,0.03739,0,0,26.1369,7.4334,0,2.01871,0.01401,0.58899,0,23.18611,0.40765,2.90508,0.05083,0.57024,0,0,0.531,3.09638,0,0,0.05865,0,0.37335,0,0,0.01477,0.36413,0,7.47978,1.45893,0.78317,0,0,0.70509,0,0.1602,0.08967,0.87558,0,0,0.06247,0,12.58473,0,1.17203,1.09091,0
G16,0,6.14841,0.04767,0.93315,0,0.05592,0.05024,0.80494,0,9.22483,0.19568,0.00494,0.07467,0.08382,0.10892,1.34958,0.87899,0.4969,0.82888,1.29447,0.10324,0.18498,2.44083,39.73487,0.00481,1.12161,6.42219,0.14691,0.36175,0.03907,0,0.81692,0.14808,0.12944,0,0,2.9459,2.29427,0.77809,5.22478,0,0,0,0.61177,0,0.02475,0,1.20824,0.22918,0
G17,0.7646,3.74477,0.06831,0.00561,0.26394,0.99028,0.03596,0,0,0.02902,0.31176,0.01341,4.88807,0.67098,1.45488,1.46844,0.08919,0,1.01197,0.56498,3.09202,0,0,0.06412,1.26745,2.80365,3.55767,1.75193,0.0191,8.61017,0.62748,0.21577,2.49941,0.14081,0,0.0547,0.23199,0.01514,2.35612,3.18882,13.31614,0.15921,0.57226,20.19318,0.00272,0.31237,0.42311,1.15161,0.46854,0
G18,0.7909,0.53538,0,31.35712,0,0.20869,0.04282,0.07215,1.22434,2.38753,0.62415,13.68216,17.13789,0.44158,0.60189,1.04768,0.05759,1.10791,1.26086,0.40077,0.93456,0,0,0.09856,0.01527,0.5988,4.08951,0.87083,0.86244,0.03711,0.00577,0.14346,0.79078,0.96719,0,0.39039,0,0.40465,1.18915,2.54014,0.9213,1.71829,0,0.58515,0,0.02328,0,0.86261,0.22554,0
G19,0,2.19292,0.74763,0.01444,0,7.00798,0.79636,0.71291,0.03209,4.35993,0.43031,0.00164,5.07038,5.18088,1.67776,2.0521,1.81915,0,0.61486,3.20905,1.08909,0,5.9065,0.12522,0.00098,0.89644,3.21753,1.12894,3.45586,6.81036,12.48918,0,0.55612,0.88572,0,2.90793,0.51961,0.88514,0.12214,2.20061,1.88447,2.03165,2.27863,1.66102,0.01179,0.65161,0.54656,0.02487,0.11649,0
G20,0.54061,2.65603,1.60751,1.54941,0,5.93242,10.31297,0,2.75458,0.02672,0.89427,9.03737,8.48288,0.67583,11.12568,0.06249,1.13376,0,2.31533,1.3937,2.0153,0,0,0.09526,0.00222,4.61514,4.82032,1.29009,0.87409,0.03826,1.42371,0.01386,0.74361,0.3041,0,0.12135,1.45121,0.0312,1.03058,1.37298,2.19565,0.57755,0,3.58337,0,0.01554,0,1.25786,1.84198,0
G21,0.10382,0.6888,0.656,6.11804,0,0.17581,8.73946,0.16056,0.00447,11.83538,0.22721,9.9236,2.0551,0.25563,1.38545,4.25023,0.05248,0,2.30478,0.155,0.46881,0.87146,0,0.10759,0.00905,0.32898,13.66492,2.41746,2.74979,0.07621,3.01874,0.00077,3.1463,0.75321,0,0.14325,0.23836,0.11374,0.28663,3.49366,0,0.04128,1.70693,5.97302,0,0.0203,0,1.28947,0.27215,0
G27,0.02369,0.0071,0.3609,0.01599,0,5.19602,0.03405,0,8.13077,0.0244,2.384,0.00746,39.10727,2.16595,7.32611,7.33634,0.70657,0,0,0.48143,0.00907,3.18602,0,0.07911,0.00585,0.65838,0.01367,0.26662,0.59582,6.06239,0.00665,0,0.91594,0.4511,0,0.01036,0.51602,0.39156,0.99886,2.24115,0.33524,0.01264,0.03149,1.59701,0,0.02894,0,2.47375,0.29493,0
G28,0.93668,2.97108,0.52225,6.2828,0,0.1017,0.0612,0.26261,0.18454,0.0614,0.05063,3.83123,10.03426,0.31192,0.64572,3.20106,0.12027,0,3.52386,0.19073,0,0.15867,0,0.11989,0.00544,0.00238,3.66452,1.65578,3.26051,2.11722,0.01296,0.06974,0.61072,1.04379,0,0.11287,0,0.11129,0.12913,1.56567,0.67771,0.64526,0,1.69466,0.01519,0.54121,0,0.37996,32.76773,0
G29,0.28109,1.06577,0.34961,2.56978,5.44077,0.03729,1.28642,0.06987,0.01504,0.0143,0.01378,0.00192,2.5483,0.4404,2.34731,2.82822,0.22153,0,0,0.01258,1.64159,0,0,0.05262,27.51343,0.74705,4.84944,0.07634,1.38532,19.55464,0,0,0.39767,0.9543,5.85755,0.56733,0,1.17765,0.27606,3.61598,0.39705,0,0.21834,1.00539,0.4934,1.49805,0,0.47675,0.13808,0
G30,0.51452,0.69298,0.48196,0.02174,0,3.83806,2.49418,0.92397,0,10.94637,3.1656,0.01812,0.05096,1.68911,5.38093,2.55467,0.08894,0,2.87534,0.00635,0.00186,1.39943,0,0.09952,0.00967,5.5185,9.88602,0.0142,2.35377,0.04263,20.33762,0.15915,1.27431,0,0,1.35497,1.43022,1.04684,0.65929,3.73998,0.49205,0,0.0517,1.29093,0.0373,0.24067,0,1.64861,0.4078,0
G31,0,0.42903,0.78428,0,0,6.96619,0,0,0.01869,7.46149,1.27947,13.51747,7.29301,0.561,5.20511,0.57376,0.09022,0.03117,0,0.0167,0.11947,0.19559,1.3794,0.21126,27.76572,0,0.7384,0.73079,2.90481,0.00622,0.00577,0.1846,1.74075,0.74671,0,0,0,0,1.48452,3.24841,8.35039,0,0,0.93753,0.00116,0.02722,0,0.00189,0.10531,0
G32,0,0.00466,0.04802,0.05325,0,18.54619,0.00044,0,2.54032,0.02191,0.33832,0.02961,22.1898,1.51834,1.41399,6.66839,0.0046,0,0,0,0,0,0,0.04605,0,0.23452,0.01459,0,5.07199,0.19112,0,2.76635,0.08418,0.16393,0,0.00595,8.55558,1.06337,0.01074,6.30548,0.05882,0,0.121,0.33738,3.14249,10.66868,0,0.14138,0.36207,0
G33,1.38121,1.05305,0.70068,0.05046,0,0.13601,0.00149,0,0.00268,0.30255,0.72679,0.03103,9.3702,0.76059,6.77227,5.61862,0.19915,4.50846,1.65213,5.92827,2.5276,0,0,0.06298,0,3.03591,14.68362,5.56026,0,1.71908,4.21245,0.07188,1.58299,0,0,0.11956,0.00246,0.09821,3.49919,2.61766,1.47193,0.00472,3.04318,3.44375,0.01579,0.38869,0,1.42314,0.12081,0
G34,0.25696,0.56764,0.15753,0.01141,0,0.04264,23.74107,0,0,20.89352,6.61014,0.00954,0.04139,2.52533,15.71304,2.63583,0.17126,1.62908,0.74099,0.29985,0.22595,0.29345,0,0.07639,0,0,0.00943,0.97585,5.35762,2.79904,0.00234,0.16223,0.4739,0,0,0.88272,4.29083,0.25131,0.04163,2.44893,0.2316,0.16124,0,0.63558,0,0.02489,0,1.68015,0.23306,0
G35,0.02452,0.02193,0.15812,0.02609,0,33.0143,0.07044,0.00126,6.04227,0.05757,0.04991,0.01794,0.30831,2.70045,18.51884,0.07552,0.81619,0,0,0.22114,3.01258,0,0,0.15225,0.01176,0,0.04024,3.70652,0.59849,0.06655,0.01093,0.2372,1.22219,0.11664,0,0.5812,3.70095,1.48663,1.86747,2.4685,0.08532,3.1365,0,3.28509,0.00098,1.48582,0,1.7011,0.1586,0
G37,0.40002,4.6844,0.09131,0.02748,0,0.23473,3.97115,0.05039,0.05361,0.05348,3.29858,0.01785,0.08775,0.25287,2.0679,1.37303,0.0271,0.4479,1.19793,0.35499,0.58884,0,0.60724,0.1928,0.02132,0.0284,0.07123,1.91405,28.07595,19.96011,3.75129,0.61406,0.09748,1.40685,6.85717,3.97135,0.00919,0.18334,0.37366,3.64775,0.32789,0.22246,0,1.0219,0,0.05005,0,0.25052,0.74724,0
G38,0.19437,3.06118,0,4.41791,0,0.25517,0.0514,0,0.00194,0.04214,1.40792,0.01046,0.04943,0.03389,0.12303,2.82805,0.00745,0,0,0,0.52907,0,0,57.17595,0.00711,0,0.01472,0.00362,0.5798,0.08031,0.015,0.25787,0.02443,0,0,0,0.6611,0.04256,0.00064,0.87581,0,0,0.15881,0.06779,0,13.16937,0,0,2.55787,0
G39,0.34773,0.64007,0,14.05516,0,0.04074,0.00092,0,0.24206,0.02859,0.04607,10.8323,1.18364,0.06102,0.11147,1.29593,0.01066,0,0,0.06869,0,0,0,0.05238,0,0,0.01425,0,0,20.32598,0,1.69735,0.19376,4.4658,0,0,4.10068,3.92598,0.02039,3.26471,0.52981,0,0,0.32524,0.92337,11.49963,10.30283,0.03954,2.84678,0
G40,0,1.80018,0.88634,0.01219,0,4.37217,14.19808,2.17721,0.0059,14.18382,1.70101,0.01243,0.04271,1.67398,4.56714,6.76544,0.55272,0,0.91255,0.20746,1.56563,0,0,0.09486,0.00831,0,5.36114,1.6969,9.34632,10.66637,0.00607,0.22957,1.04205,0,0,1.04255,0,0.7076,0.80987,3.92809,0.00599,0,1.81703,0.72092,0,0.03757,0,1.27021,0.06892,0
G41,0.00628,0.30706,0.03734,0.91378,0.02314,0.87523,1.32162,0.34859,1.45616,0.47425,0.26813,1.61845,0.04226,0.23168,0.37657,0.1746,0.14761,1.29688,1.93857,0.01752,2.04474,0,0.00665,14.45109,16.96296,0.15018,11.75706,0.64639,0.10097,3.16773,0.05193,0.00672,0.61448,0.2003,4.5312,0.23589,0.12932,0.50098,0.35554,3.30121,0.44038,0.1102,0.00393,1.32618,0,0.02976,1.70558,0.27985,4.78515,0
G42,0.02724,0.01242,0,2.00663,0.00897,0.22492,0,0.02558,0,4.08546,0.30508,1.40711,0.55267,0.32648,0.23826,0.59313,0.01432,0.59611,0,0.03939,1.01945,0,0.20987,81.42587,0.02266,0.15792,0.85074,0.03523,0.003,0.32813,0.00965,0.05443,0.02533,0.00279,0,0.01453,0.00268,0.07728,0.0089,0.25078,0,0.0091,0.07902,0.14056,0,0.00997,0,0.53531,0.30307,0
G43,0,0.00535,0,0.05443,0.00825,32.56416,0,9.39681,0.19436,14.27866,0.01058,0.03669,0.02591,0.00739,9.80614,2.13419,1.774,0,0.90058,0.60885,4.21787,0,0.00141,0.24906,0.02609,0,0.02698,0,0.00404,0.02678,0.01514,1.62529,0.29694,0,0,0,3.74856,0.82837,0,0.06926,0,0,0,0.06866,0,0.01518,0,2.99053,1.48878,0
G44,0,0.06097,1.79833,0.06893,0,5.32958,0,0,0,9.57699,0.77414,0.04265,1.39656,1.81815,0.44341,2.41749,1.14271,0.00472,1.81151,0.8099,0.32652,0.24871,1.84596,0.09215,18.9436,0.7645,0.03371,2.48649,0.53832,5.48109,15.02844,0.09224,0.12681,0.74623,0,0.97209,1.33437,0.85559,0.51757,2.38246,0.00658,0,0,5.02417,0,0.0281,0,1.24631,3.35527,0
G45,0.01391,0.18769,0.48203,0.11037,0.01644,0.22252,0,0.87211,0.39319,0.05899,0.19071,0.07575,0.23133,0.19815,1.18883,0.40642,0.11182,0.32688,1.05426,0.20619,0.72316,0,0.7819,59.74288,1.18872,1.04222,4.03737,0.30177,0.00498,2.79187,0.01158,0.01461,0.0827,0.38447,0,0.77561,0.0034,0.27259,0.18904,2.51479,0,0.02143,0,4.64075,0,1.30572,2.6728,0.10237,0.57092,2.254
G46,0.8486,2.29429,0.05223,0.04206,0,1.26217,0.36125,0,6.87342,0.03517,0.05897,2.39985,2.34372,0.37636,0.58762,0.64668,0.41578,0,0.49628,2.67127,3.93864,0,1.23174,21.02377,0,0.65214,5.50375,1.70658,0.97701,6.49897,0,0.39227,1.74197,0,0,1.29914,0.4693,0.61212,2.52624,0.69735,3.00425,1.53052,0.48773,5.77925,0,0.03185,0,4.08724,5.10536,0
G59,0,9.1817,0.29429,0.08628,0,0.06497,0,0,0.11549,0.0369,3.75921,0.04167,0.06484,2.63517,0.492,18.3512,5.13828,0,0,0.05908,2.33298,0,0,0.08915,0,0,0,0.01394,3.27395,9.81805,0,8.05696,0.37339,0,0,0,1.1751,5.50303,2.08079,1.12502,0,0,0.69523,0.47967,0.25434,0.72294,0,4.18498,10.32881,0
G60,0.12102,0.01002,1.39886,9.62008,8.5573,0.36074,0.00118,2.03177,0.33798,0.02314,4.35935,0.02557,29.50698,0.68559,19.80134,0.28311,1.04714,0,0.34111,0,0.66164,0,0,0.05702,0,0.79045,5.45719,1.08009,0.74032,0.19436,0,0.0963,1.29327,0,0,0,0,0.36152,0.90162,1.75854,0.00671,0,0,1.05548,0.02008,0.37038,0,1.16514,0.02241,0
N1,0.17755,1.07441,1.36256,0.39885,1.91169,0.68618,0.01168,0,0.01165,0.03162,1.6867,0.05036,0.07714,1.40185,0.76834,2.85251,0.04624,0,0.53101,2.51251,0.15435,0.46325,0,36.03878,3.67357,1.64587,0.10929,0.05337,0.03378,0.03871,0.0237,1.7214,1.13058,0.13781,0,0.14547,0.02584,0.08793,1.69413,0.95463,2.4864,0.02856,0.0048,0.66395,0,0.02744,6.03545,3.42378,0.03139,0
N2,0.08029,4.16175,0.31,0.05732,0.01479,4.64702,0,2.71303,4.85071,0.02065,5.96466,0.04357,11.05839,2.33513,3.71744,7.11623,0.13746,0,2.49337,0,4.66423,1.63818,0.00251,0.29277,0.01772,2.92778,0.02351,2.06996,1.52089,0.04035,0.00917,0,0.60564,1.47885,0,4.27031,1.55322,1.9642,0.48926,11.8494,0,1.34953,0.62251,0.77359,0,0.01346,0,0.96416,0.11985,0
N3,2.04317,0.00516,1.82401,0.08163,0.01559,0.77423,0,0.01665,0.96937,0.03177,1.97571,0.05598,0.05522,1.50342,13.01103,0.96101,1.49308,0,0.52311,0.10026,0.53748,0,0,0.45425,6.61144,0.029,0.03739,0.03134,4.01944,4.8672,0.01611,0.01283,0.22969,1.81263,17.00635,0.32997,0.93984,4.53701,1.00131,7.93544,5.44555,2.18358,0.38721,2.15284,0,0.03125,0,0.83226,0.02997,0
N5,0.08825,4.97113,0.9506,0.066,9.31022,0.08348,0,0.01077,0,0.0358,2.17934,15.18296,0.03283,1.09136,6.23567,3.332,0,0.50147,0,0.1246,1.8462,0,0.00223,0.33147,0.02437,0,5.45142,0.83291,0.0082,13.72028,0.00871,0,0.07838,0.73726,0,0.06022,1.1981,1.17296,0.37713,6.87259,0,0.04663,0.40152,1.83671,0,0.02057,6.87548,2.17803,0.2232,0
N6,1.60639,1.57777,0.07353,0.10029,0.01314,0.33145,0,0.10706,0,0.04781,1.99925,4.80467,16.16103,0.52445,5.72405,3.86308,0.02072,0,0,0.14911,1.19816,0,0.00269,0.54643,0.07453,0,0.01888,2.58689,10.17305,0.67459,0.01711,0,0.21535,0.87021,0,0.1146,1.11108,0.68274,0,7.37499,0,1.94461,0,0.90739,0.22536,1.19762,9.29839,1.2294,0.48549,0
N8,0.11177,1.76342,0.20548,21.77092,0,0.34996,0.17363,0.00149,0.44891,0.04557,1.57839,14.82249,0.05119,0.17123,2.75873,1.42973,0.10929,0,1.13657,0.02832,1.2669,0,1.2018,0.22546,0.01485,1.03988,2.70971,2.13721,5.23399,6.07739,0.68074,0.00685,0.03405,0.27546,0,2.41359,0,0.03541,1.63198,18.81252,0,0.62745,0,1.09187,0,0.01216,0,0.79202,0.12265,0
N10,0,0.39309,0.40265,0.02365,0,0.90339,0,0.03346,0.00504,0.87971,0.09249,1.09283,0.32362,0.44945,0.21134,0.72999,0.23475,0,3.24597,0.07944,1.49215,0,0.38467,5.17132,0.87864,0.07526,0.42438,2.25562,3.24342,8.60938,3.4046,0.0105,0.91104,1.4953,0.45166,2.92761,0.00179,1.82894,1.03044,7.7679,2.74522,0,0.24812,16.03064,0.22159,0.36758,0,1.5757,0.34548,0
N12,1.57882,1.68833,0.15721,0.04355,0.00565,0.04622,0,1.72749,1.66371,6.9674,0.57732,0.03857,10.52473,0.48686,1.87756,2.60674,0.57875,0,0.98753,4.65912,1.64415,0,0.00388,0.22561,0.00918,0.60444,6.55195,0.71607,0.66156,10.32768,7.02373,4.09092,4.28855,0.84473,0,0.56956,0.46328,0.58799,1.31599,4.82869,5.0422,0.03498,0,1.70086,0,0.02141,0,1.03659,0.72716,0
N13,0.02521,0.27681,0.04758,2.79889,0.03797,0.36842,0.02938,0.14811,0.01957,0.92146,0.15348,5.82504,0.60432,0.42375,8.23897,0.27228,0.03516,0.03267,0.35323,0.20117,0.05654,0.44948,3.34677,3.87913,0.07995,0.19819,2.68927,1.62337,1.95912,2.8423,0.10038,0.00527,0.09957,1.41763,3.63043,0.09231,2.99558,3.4441,0.12746,28.28891,1.53768,0.09715,0.4493,2.22559,0,0.04561,0,0.22025,0.1981,0
N14,0.54605,1.38942,0.11436,0.03705,0.01095,0.06098,0,0.12284,0,5.50054,1.58673,0.03688,0.94282,0.65211,0.59422,3.02035,0.1948,0.51815,0.99396,0.072,0.01562,0.2072,0.18011,42.93175,0.01244,0.75807,7.26195,0.79088,2.26483,0.18668,0.18903,0.18113,0.20956,0.23844,0,0.19356,0.47377,4.03566,0.50374,5.86684,2.88599,0,1.50633,7.56768,0,0.00923,0,0.70022,0.09968,0
N15,0.61353,0.19088,0.18293,0.63295,2.77906,0.04928,0.62639,0.20691,0,0.33048,0.15906,1.67875,0.30004,0.12682,0.09457,0.92364,0.02248,0.21816,1.325,0.01641,0.54581,0,0.44413,49.00895,11.29799,0.17228,1.40942,0.32728,0.13924,0.07013,0.01951,0.00486,0.46302,0.70148,0,0.74188,0.32432,0.5638,0.80813,2.84359,1.31194,0.49244,0.06701,1.47796,0.16157,5.51974,0,0.89236,0.67435,0
N16,0.08533,0.04237,0.02306,0.02323,0.02404,0.04161,0.08331,0.08616,0.00902,0.08555,0.40523,0.90822,0.48521,0.14693,1.37815,0.17758,0.02314,0,0.65752,0.05193,0.61883,0,0.20829,51.78293,7.64432,0.40404,0.4429,0.25159,0.39843,0.96671,1.81822,0,0.04221,0.62645,0,0.20269,0.01092,0.33017,0.83581,5.27862,0.02146,0.19755,0.00731,3.3316,1.7208,10.63151,0,1.43758,0.02074,0
N17,0.00707,1.35495,1.61394,7.78942,0.02336,1.13547,0.79219,0.7796,0.30843,1.36389,2.35171,0.02761,6.61104,0.67923,17.05389,1.23053,0.3005,0,1.07047,0.00236,1.52496,0,0,0.61423,0.10017,0.54925,8.55507,5.00723,0.06192,2.51196,0.0269,0,0.65139,0.94473,0,0.15399,2.16033,0.32915,1.47866,4.53421,3.52382,0.23466,0.42131,2.20918,0,0.01786,5.70965,0.81351,0.39143,0
N19,8.95285,0.00643,2.78033,0.08176,0.00942,0.08846,0,0.03453,3.32136,0.06226,0.02673,0.10171,0.05118,5.51898,0.04894,31.25379,1.35799,0,0,6.66442,0.01312,6.9289,0.01371,0.47022,0.03884,0,0.02317,0,0.00238,0.0401,0.02735,4.06655,0.19962,0,0,0,1.65625,0.01165,0,0.44822,0.00714,0,0,0.33851,0,0.03501,0,0.0138,6.03073,0
N21,0.41226,0.46732,0.07882,0.67255,0.01484,0.87143,0.01003,0.20255,0.00786,2.2554,2.09187,17.84407,3.84737,1.37454,1.34602,1.72328,0.12648,0,0,1.154,0,0,0,0.31932,0.09359,0,9.89869,0.00557,7.51823,0.22795,0.01452,0.05165,0.88377,0,0,0,1.05108,0.18018,0,8.35339,2.02476,5.15334,0.00587,2.86105,2.24185,14.06622,3.93299,0.79698,0.0333,0
N22,0.02213,1.27959,0,0.03025,11.04086,0.05084,0.00952,0,0.01193,0.02332,0.06229,13.9261,25.51687,0.23358,3.70085,12.67378,0.02005,0,0,0.0177,0.96373,0.11867,0,0.31943,0.07822,0,0.47603,0.11006,0.05386,0.24475,0.02602,1.23581,0.6123,0,0,0,0,0,0.00796,0.17837,0.02746,0.001,0.00291,7.37239,0,0.0189,0.00334,0.52521,14.95488,0
N23,0.31956,1.70982,0.10017,0.96738,0.01138,0.03165,0.00615,0.09555,0.13791,9.02546,0.05334,0.7994,1.23171,0.41012,0.7495,0.83171,0.16956,0,3.68531,0.10446,0.34204,0.11219,0,43.78326,0.08386,1.97995,8.66217,0.48846,2.21737,0.50268,0.01594,0,0.72279,0.67021,0.73495,0.09853,0.07063,0.03943,0.02835,7.15652,0.57653,0.02753,1.73002,2.12633,0,0.01087,0.00358,1.14343,1.69642,0
N24,0,0,0,0.49007,0.01383,0.89319,0,0.53183,0,0,0.36627,0.84543,0.09134,1.98777,0.44887,7.4621,0.00382,1.07481,0.96605,0.26544,0.66714,0,0.1031,43.9022,0.09569,0,1.02012,0.72254,1.00247,15.6365,0.18513,0,0,1.27943,0,0.05437,0,0.18289,0.03109,5.21954,1.03062,0.00452,0,1.6638,0,0.00434,0,0.01332,0.03891,0
N26,0.0503,5.36738,0.07625,0.01466,0.01124,38.34679,0.00449,0,0.00345,3.08886,6.63451,0.02174,0.05958,4.26988,0.43504,0.03242,0.00052,0,1.36023,0.11383,0,5.08987,0,0.17707,0.0521,0.50677,3.25455,1.45085,5.32387,0.014,0.00616,6.57726,0.02197,0,0,0,0,0.57503,0.60528,1.47693,0.00366,0,0,0.12869,0,0.00978,0,1.10632,0.08895,0
N27,1.22342,0.09511,0,29.49403,0,0.0525,0,0.07964,0.01368,13.99861,1.18147,9.44824,4.02719,1.33842,0.134,9.73732,0.02697,0,0,0.33983,1.30314,0,0,0.06404,0,0,0.25557,0.16621,0,0.12795,0,4.44493,3.17175,0.41476,0,0,0,2.98346,0.00672,1.1393,0.40307,0,0,1.62983,0,0.01228,0,0.40761,3.78432,0
N28,0.49571,2.57421,3.24268,0.00763,0.00715,0.02201,0.00366,0,0.18789,2.1133,1.42743,0.01752,0.97627,1.22434,6.85802,1.31457,0.27821,0,1.63371,3.22965,0.73431,0,0,0.16341,0.04876,0,21.43995,0.42516,0.32317,0.01323,0.25934,1.21042,0.71234,0.48242,0,0.02891,0.11816,0.11755,1.38688,2.55097,17.4993,0.12163,0.41708,2.75448,0,0.00888,0,1.51543,0.50728,0
N29,0.10395,1.33649,0.00347,0.03009,0.01372,0.03736,0.00482,0,0.00477,1.1856,0.2745,5.72596,1.11465,0.06619,0.39305,0.31419,0.25771,0.66173,0.80512,0.01884,0.5171,0,0.34437,53.36239,0.07958,0,0.0453,0.14784,0.84098,1.85225,0.05144,0,0.027,1.58251,1.95951,0.12943,2.60719,1.68143,0.10262,2.15636,0.5158,0.0008,0.32782,0.91564,0,0.01263,0.00813,1.21197,8.43084,0
N30,1.38701,0.01945,0.0491,16.42467,0,5.82352,1.28303,0.83307,0.74519,0.02575,0.11832,9.29553,4.05635,0.64273,0.1932,0.47688,0.49746,0,0.53248,0.5486,1.64455,0,0,0.06634,0,0.00121,2.67303,1.38792,0.32194,5.06157,0,0.06057,0.62255,0.91719,0,0.2554,0.0009,0.60137,0.65463,15.96116,11.01435,0,1.86964,2.4278,0.15494,0.37992,0,1.30806,0.25636,0
N31,0,0.59772,0.45119,0.04242,0.02789,2.03111,4.35059,0.14675,0.01252,7.40273,0.61968,0.04281,6.93852,0.43338,0.37389,7.23963,0.30151,0.34713,0.7101,0.10733,0.56039,0,0,0.292,0.08341,0.32085,6.8297,1.0638,3.00904,2.41086,0.02569,0.00086,1.40741,1.85671,0,0.3215,5.33851,3.1886,0.05095,11.89761,0.3523,4.22345,0.86915,3.0274,0,0.02425,0,0.67407,1.01268,0
N32,0.11858,0.01538,0.89143,0.08322,0,36.79594,0,0,4.26622,0.04701,10.83904,0.03918,0.02605,1.3518,9.93105,0.03085,5.41591,0,0,0.48978,0,0.62107,0,0.06545,0,0,0.01288,1.27254,0,0.01967,0,0.71165,3.73287,0,0,0.57251,1.90117,1.1734,1.2445,5.88797,0.0098,0,0.00374,5.03628,0,0.0351,0,0.75733,0.66933,0
N33,0.09811,0.16381,0.008,14.90577,0.01273,0.03615,0.25571,0,10.64674,6.16877,0.08319,12.20833,5.40887,0.44403,0.61823,0.65325,0.19807,0,1.85231,0,0.69262,0.59856,0,0.19391,0.06312,0.20779,2.14007,0.25877,2.3233,4.76071,0.01531,0.13862,1.04211,1.27419,4.76312,0.1428,0,0.7124,0.35593,3.06893,2.26446,0,1.97264,0.51063,0.00123,4.83511,0.75097,1.05829,2.13699,0
N34,0.00757,0.29015,0.3579,0.0406,4.83261,15.15325,0.11101,1.22644,0.04362,0.03985,0.72817,5.56052,4.52162,0.31888,2.68102,0.07482,0.02958,0,0,0.01463,0.87308,0,0.00533,0.4365,0.14626,0.04067,7.23895,1.91705,0.84421,0.46775,17.37099,0.00154,0.05947,0.59566,5.18084,0.70376,1.25512,0.16803,0.08452,4.67144,1.07278,2.78158,0.71849,1.98946,0,0.04236,2.26692,0.04306,1.1845,0
N35,0.68907,0.42598,0.08055,0.12282,4.04823,0.04801,1.8225,0.00389,0.29534,0.02626,0.22756,0.08232,1.70923,0.35869,0.02985,1.1759,0.01704,0.0097,0.48635,0.04644,1.41275,0,1.74095,0.26686,19.91507,0.24848,2.09942,1.03699,7.77682,6.38788,4.85139,0.00414,0.18418,0.18376,12.72277,0.44558,0.07335,0.19458,0.31117,7.68435,0.28119,1.43476,1.26401,4.92764,1.12442,2.56427,2.79567,0.03695,0.10512,0
N36,0.14488,4.87168,0.01469,0.03613,0.02045,0.03164,7.76735,0.90889,0.01105,7.68995,0.38923,0.04455,26.70542,0.221,16.64325,2.20297,0.05486,0.97221,1.27007,0.01599,0.03283,0.81492,0,0.35998,0.11261,0.00331,9.22492,0.84854,1.17584,1.06165,0.03167,0.29628,1.54546,0.16825,0,0.03359,0,0.61125,0.81604,3.29787,0.02044,0.05055,0.00869,0.4688,0.02383,0.11758,0.30388,1.79527,0.15602,0
N37,0.55455,0.97055,0.29897,2.7932,6.35758,0.04959,0.01213,0,0.02319,0.02816,0.19353,0.04457,0.24016,0.77182,1.17647,0.35939,0.04069,0,0.17291,0.00631,2.27242,0,0.65343,29.6454,23.85546,0.08572,0.44595,0.50113,2.45462,2.88469,2.12473,0.00068,0.39156,0.19733,0.72348,0.86403,0.20102,0.65051,0.02188,4.88911,0.01043,0,0.24733,1.71429,0,0.02154,0.00365,0.17959,1.85509,0
N38,0.19813,0.21922,0.0088,3.33721,0.0297,0.10567,0.16785,0.12637,0.06528,0.04154,0.085,3.20779,0.52322,0.37837,0.15058,0.71574,0.10542,0.79737,0.86642,0.07247,0.40144,0.29485,0.07958,43.65716,0.13717,0.13966,3.15915,0.3235,1.54547,2.23107,0.37835,0.00226,0.42895,0,0,0.97177,0,0.08382,0.12873,3.35385,0.38673,0.7737,0.42136,0.63481,0.29913,5.3328,0.00595,0.11527,1.95383,0
N39,0.01664,0.20264,0.03028,0.02762,0,0.24996,0.01378,0.5831,0.02292,2.41495,0.23475,0.53971,0.71641,0.21334,0.14735,0.44714,0.01889,1.76846,0.54196,0.00554,0.37406,0.60196,0.85507,64.76375,0.0294,0.02331,3.38509,0.46066,0.23409,0.08092,0.01756,0,0.04822,0.03847,0,0.00188,0.0975,0.64706,0.16564,1.95333,0.06942,0,0.17315,0.8548,0.00482,8.45361,0,0.40337,0.21035,0
N41,0.19107,0.01135,1.43337,7.39019,0,27.60632,0,0,4.57819,0.03131,4.2382,0.0401,0.03014,6.40546,13.07018,0.06928,0.06751,0,0,0.11118,1.53133,0,0,0.06213,0,0,0.0029,0.57467,3.3367,0.02386,0,1.02397,0.04961,0.71532,0,2.63643,0,0.77211,0.19686,11.70951,0.00475,0.06611,0,1.36128,0,0.01663,2.30235,0.60212,0.06352,0
N42,0.91145,3.57497,0.0908,0.00314,0.00994,0.2472,0.01323,0.09981,0.05259,5.52256,0.05509,0.42498,8.4721,1.09934,1.42984,0.22296,0.18229,4.59249,1.94962,0.62453,7.0554,0,0.25611,10.77382,0.07979,0.00635,15.62078,0.33489,1.15677,0.88271,0.01314,0.24331,0.08118,0.02126,0,0.64755,0.00447,0.97994,2.27881,4.46412,0.6496,0,0,4.10636,0.00776,0.08488,0,0.18599,1.49259,0
N43,0,0.03596,0.03057,0,0.00685,0.02836,0,0.17672,0.39166,0.02791,0.18587,0.41062,0.10295,0.28311,0.16474,0.1997,0.03274,0.00596,1.56851,0.31098,0.79623,0,0,46.00946,20.09725,0.00286,0.11416,0.55945,2.56545,0.068,0.19265,0,0,0.20026,0,2.2891,0.15789,0.23296,0.25525,3.99811,0.01376,0.19374,0.00071,4.19424,0.00393,0.05528,0,0.50925,0.22462,0
N44,0.01667,0.78098,0.11841,0.00354,0.00701,0.46022,0,0.16438,0.06981,0.05605,0.03399,0.10382,1.49531,0.66352,0.54529,0.40497,0.06383,0.0113,0.52648,0.01154,0.64129,0.20193,0.89184,54.19347,0.13538,0.00445,0.13836,1.00248,3.21533,0.77659,0.04221,0.00167,0.48455,0.31447,5.6036,0.91426,0.03151,0.67839,0.7219,1.25987,0.66344,0.4174,0.48868,0.6175,0.01537,6.63181,0.15856,0.64453,3.99382,0
N45,0.07387,6.91687,1.25389,0,0,0.02301,0,0.00226,0.02396,3.44396,1.16855,0.03564,5.47521,0.6749,2.54925,0.95435,0.07696,0,2.34059,1.62859,0.01993,0,0,0.29071,7.19145,1.21818,20.41358,3.41309,0.84087,2.57231,0.11362,0.01772,2.35229,0.02708,0,0.22433,0.03872,0.06313,1.83681,4.11205,3.27714,0,0,6.67578,0,0.04386,0,1.87535,4.75216,0
N46,0.00163,0.22406,0.14546,0,0,0.8566,0.86504,0,49.20039,0.30917,1.10702,0.02177,0.49566,2.57594,0.83727,0.02617,0.0021,0.22362,0.32211,0.65201,0.35789,0,0.00123,0.13195,0.01676,0.07144,1.69172,0.59067,0.03632,0.0191,0.00325,0.41097,1.07795,0.02676,0,0,0.00486,0.00959,0.34793,1.12476,0.00248,0,0,1.59424,0,0.02718,0,0.16973,21.35264,0
N48,1.04561,0.00494,0.84478,0,0,1.23891,0,0.3177,2.65268,0.0122,19.57274,0.02054,11.82233,1.52711,4.98872,6.09647,0.00201,1.63727,0,0.50441,2.65818,0,0.00104,0.1687,0.02201,0,0.02107,0.02647,7.11047,0.92337,0.00553,1.9594,0.85766,0,0,0,0,1.7482,0.50214,4.1366,0.00474,0,0,0.32069,2.17409,13.05605,3.48906,1.12286,0.98509,0
N51,1.12747,0.79275,0.00991,8.44066,0.00137,0.19288,0,0,0.0406,0.01475,0.33471,20.04648,3.92277,0.02674,0.63531,3.42782,0.0794,0.34851,0.64359,0.01026,2.6125,0,0.59385,0.19729,0.02965,0,5.3536,0.87664,0.11495,0.51886,0.01168,0.43748,0.71477,0.63386,0,0.25884,5.8994,2.80034,0.43343,6.14686,18.12721,0,0,1.32914,0.00165,0.03234,0,2.54049,1.08766,0
N54,0,2.24923,3.18762,0,0,0.04672,0,0,0.55814,0.06779,1.17278,0.05756,0.09422,2.11547,16.7172,8.30711,2.38239,0.0022,0,6.45332,0.09766,0.03683,0,0.38444,0.05651,0.70036,9.53722,1.42122,0.03162,0.00599,9.1971,0.57455,0.15116,0,0,0,4.78533,0.13346,1.95611,2.16383,3.90993,1.50901,0,0.35731,0.09247,0.20515,0,2.59129,0.07437,0
N55,0,0.04358,0.00451,0,0.00373,0.15954,0.01012,0.23322,0.022,0.02348,0.07345,0.07424,0.65441,0.37743,0.36481,0.38537,0.04474,0.25822,0.65915,0.04517,0.70884,0,0.3855,43.06933,8.38472,0.00613,0.23953,0.11574,1.48696,0.48635,1.37044,0,0.02443,0.17845,0,0.7444,1.24933,0.26375,0.08861,0.86056,0.21195,0,0,0.45197,0.00064,0.03741,0,0.05664,16.0203,0